date,available_cash,holding_value,assets_value,position_count,pct_returns,pnl_daily_net,cumsum,benchmark_pct,benchmark
2020-12-01 00:00:00,200000.0,0.0,200000.0,0,,,,,
2020-12-01 04:00:00,200000.0,0.0,200000.0,0,0.0,0.0,0.0,0.022631903044551427,0.022631903044551427
2020-12-01 08:00:00,200000.0,0.0,200000.0,0,0.0,0.0,0.0,-0.014019690422408249,0.008612212622143178
2020-12-01 12:00:00,200000.0,0.0,200000.0,0,0.0,0.0,0.0,0.00493775920789874,0.013549971830041918
2020-12-01 16:00:00,200000.0,0.0,200000.0,0,0.0,0.0,0.0,-0.004643969987133456,0.008906001842908462
2020-12-01 20:00:00,200000.0,0.0,200000.0,0,0.0,0.0,0.0,-0.008320720720720765,0.0005852811221876975
2020-12-02 00:00:00,200000.0,0.0,200000.0,0,0.0,0.0,0.0,-0.010049124322483505,-0.009463843200295807
2020-12-02 04:00:00,200000.0,0.0,200000.0,0,0.0,0.0,0.0,-0.015984968895829565,-0.025448812096125373
2020-12-02 08:00:00,200000.0,0.0,200000.0,0,0.0,0.0,0.0,-0.0078182953760626,-0.03326710747218797
2020-12-02 12:00:00,200000.0,0.0,200000.0,0,0.0,0.0,0.0,0.02718998831791386,-0.006077119154274113
2020-12-02 16:00:00,200000.0,0.0,200000.0,0,0.0,0.0,0.0,0.00014797787966003284,-0.00592914127461408
2020-12-02 20:00:00,200000.0,0.0,200000.0,0,0.0,0.0,0.0,-0.012324785869000987,-0.018253927143615067
2020-12-03 00:00:00,200000.0,0.0,200000.0,0,0.0,0.0,0.0,0.011091190409267204,-0.007162736734347863
2020-12-03 04:00:00,200000.0,0.0,200000.0,0,0.0,0.0,0.0,0.00539183607226823,-0.001770900662079633
2020-12-03 08:00:00,200000.0,0.0,200000.0,0,0.0,0.0,0.0,-0.006097138682436887,-0.00786803934451652
2020-12-03 12:00:00,200000.0,0.0,200000.0,0,0.0,0.0,0.0,0.0063451563891654406,-0.0015228829553510792
2020-12-03 16:00:00,200000.0,0.0,200000.0,0,0.0,0.0,0.0,0.009807836377446755,0.008284953422095676
2020-12-03 20:00:00,200000.0,0.0,200000.0,0,0.0,0.0,0.0,0.007140463485680426,0.015425416907776102
2020-12-04 00:00:00,200000.0,0.0,200000.0,0,0.0,0.0,0.0,-0.006179165600204706,0.009246251307571396
2020-12-04 04:00:00,200000.0,0.0,200000.0,0,0.0,0.0,0.0,0.0003919793100854996,0.009638230617656895
2020-12-04 08:00:00,200000.0,0.0,200000.0,0,0.0,0.0,0.0,-0.01334987823024536,-0.0037116476125884645
2020-12-04 12:00:00,200000.0,0.0,200000.0,0,0.0,0.0,0.0,0.006331075813223785,0.002619428200635321
2020-12-04 16:00:00,200000.0,0.0,200000.0,0,0.0,0.0,0.0,-0.023371261267147614,-0.020751833066512293
2020-12-04 20:00:00,200000.0,0.0,200000.0,0,0.0,0.0,0.0,0.005846043566564374,-0.014905789499947919
2020-12-05 00:00:00,200000.0,0.0,200000.0,0,0.0,0.0,0.0,0.005035012286633611,-0.009870777213314308
2020-12-05 04:00:00,200000.0,0.0,200000.0,0,0.0,0.0,0.0,-0.02039054075560709,-0.030261317968921397
2020-12-05 08:00:00,200000.0,0.0,200000.0,0,0.0,0.0,0.0,0.00902548561648664,-0.021235832352434758
2020-12-05 12:00:00,200000.0,0.0,200000.0,0,0.0,0.0,0.0,0.004913158880590629,-0.01632267347184413
2020-12-05 16:00:00,200000.0,0.0,200000.0,0,0.0,0.0,0.0,0.005399943208587832,-0.010922730263256297
2020-12-05 20:00:00,200000.0,0.0,200000.0,0,0.0,0.0,0.0,0.0051200651329086355,-0.005802665130347662
2020-12-06 00:00:00,200000.0,0.0,200000.0,0,0.0,0.0,0.0,0.00044006576393007535,-0.005362599366417586
2020-12-06 04:00:00,200000.0,0.0,200000.0,0,0.0,0.0,0.0,0.0014890798198041733,-0.003873519546613413
2020-12-06 08:00:00,200000.0,0.0,200000.0,0,0.0,0.0,0.0,0.001866024360156704,-0.002007495186456709
2020-12-06 12:00:00,200000.0,0.0,200000.0,0,0.0,0.0,0.0,0.002481313261107676,0.0004738180746509668
2020-12-06 16:00:00,200000.0,0.0,200000.0,0,0.0,0.0,0.0,-0.007375075334135284,-0.006901257259484317
2020-12-06 20:00:00,200000.0,0.0,200000.0,0,0.0,0.0,0.0,0.0019209855226736128,-0.004980271736810704
2020-12-07 00:00:00,200000.0,0.0,200000.0,0,0.0,0.0,0.0,0.0003550172724529066,-0.0046252544643577975
2020-12-07 04:00:00,200000.0,0.0,200000.0,0,0.0,0.0,0.0,0.011853055148746128,0.00722780068438833
2020-12-07 08:00:00,200000.0,0.0,200000.0,0,0.0,0.0,0.0,-0.003962932735518732,0.0032648679488695986
2020-12-07 12:00:00,200000.0,0.0,200000.0,0,0.0,0.0,0.0,0.00459583418902354,0.007860702137893139
2020-12-07 16:00:00,200000.0,0.0,200000.0,0,0.0,0.0,0.0,-0.01382044571092278,-0.005959743573029641
2020-12-07 20:00:00,200000.0,0.0,200000.0,0,0.0,0.0,0.0,0.005774833826958092,-0.00018490974607154875
2020-12-08 00:00:00,200000.0,0.0,200000.0,0,0.0,0.0,0.0,-0.012849551626687106,-0.013034461372758654
2020-12-08 04:00:00,200000.0,0.0,200000.0,0,0.0,0.0,0.0,0.010538825044116296,-0.002495636328642359
2020-12-08 08:00:00,200000.0,0.0,200000.0,0,0.0,0.0,0.0,-0.0006349487919278252,-0.003130585120570184
2020-12-08 12:00:00,200000.0,0.0,200000.0,0,0.0,0.0,0.0,-0.0006071607378439481,-0.003737745858414132
2020-12-08 16:00:00,200000.0,0.0,200000.0,0,0.0,0.0,0.0,-0.019857807774080416,-0.023595553632494548
2020-12-08 20:00:00,200000.0,0.0,200000.0,0,0.0,0.0,0.0,0.0025022704306782995,-0.02109328320181625
2020-12-09 00:00:00,200000.0,0.0,200000.0,0,0.0,0.0,0.0,-0.0007533263051231476,-0.021846609506939396
2020-12-09 04:00:00,200000.0,0.0,200000.0,0,0.0,0.0,0.0,-0.025092387955994333,-0.04693899746293373
2020-12-09 08:00:00,200000.0,0.0,200000.0,0,0.0,0.0,0.0,-0.0013152071232929163,-0.048254204586226646
2020-12-09 12:00:00,200000.0,0.0,200000.0,0,0.0,0.0,0.0,-0.020543158173137566,-0.06879736275936421
2020-12-09 16:00:00,200000.0,0.0,200000.0,0,0.0,0.0,0.0,0.017902184046368896,-0.050895178712995315
2020-12-09 20:00:00,200000.0,0.0,200000.0,0,0.0,0.0,0.0,0.0057303527825507405,-0.045164825930444574
2020-12-10 00:00:00,200000.0,0.0,200000.0,0,0.0,0.0,0.0,-0.004875882176626156,-0.05004070810707073
2020-12-10 04:00:00,200000.0,0.0,200000.0,0,0.0,0.0,0.0,0.015402493862277433,-0.0346382142447933
2020-12-10 08:00:00,200000.0,0.0,200000.0,0,0.0,0.0,0.0,-0.007092822070536631,-0.04173103631532993
2020-12-10 12:00:00,200000.0,0.0,200000.0,0,0.0,0.0,0.0,-0.004012000149920425,-0.04574303646525035
2020-12-10 16:00:00,200000.0,0.0,200000.0,0,0.0,0.0,0.0,-0.007821809771099364,-0.05356484623634972
2020-12-10 20:00:00,200000.0,0.0,200000.0,0,0.0,0.0,0.0,-0.0032106654998848017,-0.05677551173623452
2020-12-11 00:00:00,200000.0,0.0,200000.0,0,0.0,0.0,0.0,0.01483505090966819,-0.04194046082656633
2020-12-11 04:00:00,200000.0,0.0,200000.0,0,0.0,0.0,0.0,-0.008067662513380758,-0.050008123339947086
2020-12-11 08:00:00,200000.0,0.0,200000.0,0,0.0,0.0,0.0,-0.014448389257958105,-0.06445651259790519
2020-12-11 12:00:00,200000.0,0.0,200000.0,0,0.0,0.0,0.0,-0.009945594656848411,-0.0744021072547536
2020-12-11 16:00:00,200000.0,0.0,200000.0,0,0.0,0.0,0.0,-0.009220775939748349,-0.08362288319450195
2020-12-11 20:00:00,200000.0,0.0,200000.0,0,0.0,0.0,0.0,0.025897411052199004,-0.05772547214230295
2020-12-12 00:00:00,200000.0,0.0,200000.0,0,0.0,0.0,0.0,-0.007055610851081084,-0.06478108299338403
2020-12-12 04:00:00,200000.0,0.0,200000.0,0,0.0,0.0,0.0,0.0033114535239471277,-0.061469629469436904
2020-12-12 08:00:00,200000.0,0.0,200000.0,0,0.0,0.0,0.0,0.013610711151202715,-0.04785891831823419
2020-12-12 12:00:00,200000.0,0.0,200000.0,0,0.0,0.0,0.0,0.005405857777204037,-0.04245306054103015
2020-12-12 16:00:00,200000.0,0.0,200000.0,0,0.0,0.0,0.0,0.0068141571254864974,-0.035638903415543655
2020-12-12 20:00:00,200000.0,0.0,200000.0,0,0.0,0.0,0.0,-0.00578674058823847,-0.041425644003782125
2020-12-13 00:00:00,200000.0,0.0,200000.0,0,0.0,0.0,0.0,0.02208162286992632,-0.019344021133855804
2020-12-13 04:00:00,200000.0,0.0,200000.0,0,0.0,0.0,0.0,0.0001808001897336542,-0.01916322094412215
2020-12-13 08:00:00,200000.0,0.0,200000.0,0,0.0,0.0,0.0,-0.0012903609980280395,-0.02045358194215019
2020-12-13 12:00:00,200000.0,0.0,200000.0,0,0.0,0.0,0.0,0.024661927278031515,0.004208345335881325
2020-12-13 16:00:00,200000.0,0.0,200000.0,0,0.0,0.0,0.0,0.003591601689138635,0.00779994702501996
2020-12-13 20:00:00,200000.0,0.0,200000.0,0,0.0,0.0,0.0,-0.005460011254446284,0.0023399357705736756
2020-12-14 00:00:00,200000.0,0.0,200000.0,0,0.0,0.0,0.0,-0.0009140434764051131,0.0014258922941685626
2020-12-14 04:00:00,200000.0,0.0,200000.0,0,0.0,0.0,0.0,-0.0009789629765474261,0.0004469293176211364
2020-12-14 08:00:00,200000.0,0.0,200000.0,0,0.0,0.0,0.0,0.004468841965497683,0.004915771283118819
2020-12-14 12:00:00,200000.0,0.0,200000.0,0,0.0,0.0,0.0,-0.0054452906127925305,-0.0005295193296737111
2020-12-14 16:00:00,200000.0,0.0,200000.0,0,0.0,0.0,0.0,-0.0025767652616962566,-0.0031062845913699677
2020-12-14 20:00:00,200000.0,0.0,200000.0,0,0.0,0.0,0.0,0.004900441945228984,0.001794157353859016
2020-12-15 00:00:00,200000.0,0.0,200000.0,0,0.0,0.0,0.0,-0.0012598912399798268,0.0005342661138791893
2020-12-15 04:00:00,200000.0,0.0,200000.0,0,0.0,0.0,0.0,0.005071996695849013,0.005606262809728202
2020-12-15 08:00:00,200000.0,0.0,200000.0,0,0.0,0.0,0.0,0.010717506332647453,0.016323769142375655
2020-12-15 12:00:00,200000.0,0.0,200000.0,0,0.0,0.0,0.0,-0.014481742531969322,0.0018420266104063332
2020-12-15 16:00:00,200000.0,0.0,200000.0,0,0.0,0.0,0.0,0.004997499687461104,0.006839526297867438
2020-12-15 20:00:00,200000.0,0.0,200000.0,0,0.0,0.0,0.0,0.005689469117642565,0.012528995415510003
2020-12-16 00:00:00,200000.0,0.0,200000.0,0,0.0,0.0,0.0,0.006548882639096032,0.019077878054606034
2020-12-16 04:00:00,200000.0,0.0,200000.0,0,0.0,0.0,0.0,-0.0053224770844192415,0.013755400970186793
2020-12-16 08:00:00,200000.0,0.0,200000.0,0,0.0,0.0,0.0,-0.004113468094755435,0.009641932875431358
2020-12-16 12:00:00,200000.0,0.0,200000.0,0,0.0,0.0,0.0,0.004002787064546931,0.01364471993997829
2020-12-16 16:00:00,200000.0,0.0,200000.0,0,0.0,0.0,0.0,0.01625930036923462,0.02990402030921291
2020-12-16 20:00:00,200000.0,0.0,200000.0,0,0.0,0.0,0.0,0.04668694382612171,0.07659096413533462
2020-12-17 00:00:00,200000.0,0.0,200000.0,0,0.0,0.0,0.0,0.003654162332894728,0.08024512646822934
2020-12-17 04:00:00,200000.0,0.0,200000.0,0,0.0,0.0,0.0,0.028868869795682928,0.10911399626391227
2020-12-17 08:00:00,200000.0,0.0,200000.0,0,0.0,0.0,0.0,0.019579555595551357,0.12869355185946363
2020-12-17 12:00:00,200000.0,0.0,200000.0,0,0.0,0.0,0.0,0.0333513229741198,0.16204487483358343
2020-12-17 16:00:00,200000.0,0.0,200000.0,0,0.0,0.0,0.0,0.012162592598524258,0.1742074674321077
2020-12-17 20:00:00,200000.0,0.0,200000.0,0,0.0,0.0,0.0,0.025564166215427342,0.19977163364753503
2020-12-18 00:00:00,200000.0,0.0,200000.0,0,0.0,0.0,0.0,-0.018630484533166403,0.18114114911436863
2020-12-18 04:00:00,200000.0,0.0,200000.0,0,0.0,0.0,0.0,-0.004450833832625678,0.17669031528174295
2020-12-18 08:00:00,200000.0,0.0,200000.0,0,0.0,0.0,0.0,0.0006329735809198489,0.1773232888626628
2020-12-18 12:00:00,200000.0,0.0,200000.0,0,0.0,0.0,0.0,0.010713413663843596,0.1880367025265064
2020-12-18 16:00:00,200000.0,0.0,200000.0,0,0.0,0.0,0.0,-0.007365117422898582,0.1806715851036078
2020-12-18 20:00:00,200000.0,0.0,200000.0,0,0.0,0.0,0.0,-0.01473247817349943,0.16593910693010838
2020-12-19 00:00:00,200000.0,0.0,200000.0,0,0.0,0.0,0.0,0.009458512572619648,0.17539761950272803
2020-12-19 04:00:00,200000.0,0.0,200000.0,0,0.0,0.0,0.0,0.015161486459177143,0.19055910596190517
2020-12-19 08:00:00,200000.0,0.0,200000.0,0,0.0,0.0,0.0,-0.00040463245740862686,0.19015447350449655
2020-12-19 12:00:00,200000.0,0.0,200000.0,0,0.0,0.0,0.0,-0.010576222051741246,0.1795782514527553
2020-12-19 16:00:00,200000.0,0.0,200000.0,0,0.0,0.0,0.0,0.0015222884646939328,0.18110053991744923
2020-12-19 20:00:00,200000.0,0.0,200000.0,0,0.0,0.0,0.0,0.028986995238665214,0.21008753515611445
2020-12-20 00:00:00,200000.0,0.0,200000.0,0,0.0,0.0,0.0,0.010185967142507302,0.22027350229862175
2020-12-20 04:00:00,200000.0,0.0,200000.0,0,0.0,0.0,0.0,0.001248323484747571,0.22152182578336932
2020-12-20 08:00:00,200000.0,0.0,200000.0,0,0.0,0.0,0.0,-0.01994533534887022,0.2015764904344991
2020-12-20 12:00:00,200000.0,0.0,200000.0,0,0.0,0.0,0.0,0.012096041887256659,0.21367253232175576
2020-12-20 16:00:00,200000.0,0.0,200000.0,0,0.0,0.0,0.0,-0.0032104780251963616,0.2104620542965594
2020-12-20 20:00:00,200000.0,0.0,200000.0,0,0.0,0.0,0.0,0.01337705313373827,0.22383910743029767
2020-12-21 00:00:00,200000.0,0.0,200000.0,0,0.0,0.0,0.0,0.002593839724921443,0.2264329471552191
2020-12-21 04:00:00,200000.0,0.0,200000.0,0,0.0,0.0,0.0,-0.019827831174258237,0.20660511598096087
2020-12-21 08:00:00,200000.0,0.0,200000.0,0,0.0,0.0,0.0,0.020880799061372413,0.2274859150423333
2020-12-21 12:00:00,200000.0,0.0,200000.0,0,0.0,0.0,0.0,0.001449554380005491,0.22893546942233878
2020-12-21 16:00:00,200000.0,0.0,200000.0,0,0.0,0.0,0.0,-0.055635946622185184,0.1732995228001536
2020-12-21 20:00:00,200000.0,0.0,200000.0,0,0.0,0.0,0.0,0.0015662913955538649,0.17486581419570746
2020-12-22 00:00:00,200000.0,0.0,200000.0,0,0.0,0.0,0.0,0.005965261281089429,0.1808310754767969
2020-12-22 04:00:00,200000.0,0.0,200000.0,0,0.0,0.0,0.0,-0.004247342507347707,0.17658373296944918
2020-12-22 08:00:00,200000.0,0.0,200000.0,0,0.0,0.0,0.0,0.005787485843789408,0.1823712188132386
2020-12-22 12:00:00,200000.0,0.0,200000.0,0,0.0,0.0,0.0,-0.008549660411707016,0.17382155840153157
2020-12-22 16:00:00,200000.0,0.0,200000.0,0,0.0,0.0,0.0,0.020464931101619177,0.19428648950315075
2020-12-22 20:00:00,200000.0,0.0,200000.0,0,0.0,0.0,0.0,0.009649871017860301,0.20393636052101105
2020-12-23 00:00:00,200000.0,0.0,200000.0,0,0.0,0.0,0.0,0.0026428098350739226,0.20657917035608497
2020-12-23 04:00:00,200000.0,0.0,200000.0,0,0.0,0.0,0.0,0.017369480013689875,0.22394865036977485
2020-12-23 08:00:00,200000.0,0.0,200000.0,0,0.0,0.0,0.0,-0.0043707075657716254,0.21957794280400322
2020-12-23 12:00:00,200000.0,0.0,200000.0,0,0.0,0.0,0.0,-0.006369080159549734,0.2132088626444535
2020-12-23 16:00:00,200000.0,0.0,200000.0,0,0.0,0.0,0.0,-0.02087475106906056,0.19233411157539293
2020-12-23 20:00:00,200000.0,0.0,200000.0,0,0.0,0.0,0.0,0.016720856433898534,0.20905496800929146
2020-12-24 00:00:00,200000.0,0.0,200000.0,0,0.0,0.0,0.0,0.004573627080307396,0.21362859508959886
2020-12-24 04:00:00,200000.0,0.0,200000.0,0,0.0,0.0,0.0,-0.013760293688773295,0.19986830140082557
2020-12-24 08:00:00,200000.0,0.0,200000.0,0,0.0,0.0,0.0,-0.01456908262298584,0.18529921877783972
2020-12-24 12:00:00,200000.0,0.0,200000.0,0,0.0,0.0,0.0,0.01219081796850574,0.19749003674634547
2020-12-24 16:00:00,200000.0,0.0,200000.0,0,0.0,0.0,0.0,0.00195482920488943,0.1994448659512349
2020-12-24 20:00:00,200000.0,0.0,200000.0,0,0.0,0.0,0.0,0.0005788442753851264,0.20002371022662002
2020-12-25 00:00:00,200000.0,0.0,200000.0,0,0.0,0.0,0.0,0.0023687033297006277,0.20239241355632065
2020-12-25 04:00:00,200000.0,0.0,200000.0,0,0.0,0.0,0.0,0.01898257193344821,0.22137498548976886
2020-12-25 08:00:00,200000.0,0.0,200000.0,0,0.0,0.0,0.0,-0.010450836943512676,0.21092414854625618
2020-12-25 12:00:00,200000.0,0.0,200000.0,0,0.0,0.0,0.0,0.007180635069487407,0.2181047836157436
2020-12-25 16:00:00,200000.0,0.0,200000.0,0,0.0,0.0,0.0,0.03909458930342824,0.25719937291917183
2020-12-25 20:00:00,200000.0,0.0,200000.0,0,0.0,0.0,0.0,-0.02235130867895052,0.2348480642402213
2020-12-26 00:00:00,200000.0,0.0,200000.0,0,0.0,0.0,0.0,0.017670247778055703,0.252518312018277
2020-12-26 04:00:00,200000.0,0.0,200000.0,0,0.0,0.0,0.0,0.010749024730814405,0.2632673367490914
2020-12-26 08:00:00,200000.0,0.0,200000.0,0,0.0,0.0,0.0,0.007984632859443064,0.2712519696085345
2020-12-26 12:00:00,200000.0,0.0,200000.0,0,0.0,0.0,0.0,-0.0050305522447199325,0.26622141736381455
2020-12-26 16:00:00,200000.0,0.0,200000.0,0,0.0,0.0,0.0,0.0020125497892229394,0.2682339671530375
2020-12-26 20:00:00,200000.0,0.0,200000.0,0,0.0,0.0,0.0,0.03203746744429892,0.3002714345973364
2020-12-27 00:00:00,200000.0,0.0,200000.0,0,0.0,0.0,0.0,0.011745225027399497,0.3120166596247359
2020-12-27 04:00:00,200000.0,0.0,200000.0,0,0.0,0.0,0.0,0.021687153069952503,0.3337038126946884
2020-12-27 08:00:00,200000.0,0.0,200000.0,0,0.0,0.0,0.0,0.002819193768709871,0.3365230064633983
2020-12-27 12:00:00,200000.0,0.0,200000.0,0,0.0,0.0,0.0,0.04032282347839966,0.37684582994179794
2020-12-27 16:00:00,200000.0,0.0,200000.0,0,0.0,0.0,0.0,0.0002568798576523257,0.37710270979945026
2020-12-27 20:00:00,200000.0,0.0,200000.0,0,0.0,0.0,0.0,-0.010376004467838262,0.366726705331612
2020-12-28 00:00:00,200000.0,0.0,200000.0,0,0.0,0.0,0.0,-0.010159132327130282,0.3565675730044817
2020-12-28 04:00:00,200000.0,0.0,200000.0,0,0.0,0.0,0.0,-0.02954064501930631,0.3270269279851754
2020-12-28 08:00:00,200000.0,0.0,200000.0,0,0.0,0.0,0.0,0.03782067038383419,0.3648475983690096
2020-12-28 12:00:00,200000.0,0.0,200000.0,0,0.0,0.0,0.0,-0.010058055445058112,0.3547895429239515
2020-12-28 16:00:00,200000.0,0.0,200000.0,0,0.0,0.0,0.0,-0.005267892557805576,0.3495216503661459
2020-12-28 20:00:00,200000.0,0.0,200000.0,0,0.0,0.0,0.0,0.00213149598999518,0.3516531463561411
2020-12-29 00:00:00,200000.0,0.0,200000.0,0,0.0,0.0,0.0,0.0029877784184466627,0.35464092477458775
2020-12-29 04:00:00,200000.0,0.0,200000.0,0,0.0,0.0,0.0,0.003062221586754399,0.35770314636134215
2020-12-29 08:00:00,200000.0,0.0,200000.0,0,0.0,0.0,0.0,-0.023442534383134706,0.33426061197820744
2020-12-29 12:00:00,200000.0,0.0,200000.0,0,0.0,0.0,0.0,-0.0003391996853798762,0.33392141229282757
2020-12-29 16:00:00,200000.0,0.0,200000.0,0,0.0,0.0,0.0,0.0166733306526079,0.35059474294543547
2020-12-29 20:00:00,200000.0,0.0,200000.0,0,0.0,0.0,0.0,-0.009727121191826282,0.3408676217536092
2020-12-30 00:00:00,200000.0,0.0,200000.0,0,0.0,0.0,0.0,0.01189743967398793,0.3527650614275971
2020-12-30 04:00:00,200000.0,0.0,200000.0,0,0.0,0.0,0.0,0.0168344867482908,0.3695995481758879
2020-12-30 08:00:00,200000.0,0.0,200000.0,0,0.0,0.0,0.0,0.0248508307467592,0.3944503789226471
2020-12-30 12:00:00,200000.0,0.0,200000.0,0,0.0,0.0,0.0,0.011440364233148426,0.40589074315579554
2020-12-30 16:00:00,200000.0,0.0,200000.0,0,0.0,0.0,0.0,-0.01929782411572778,0.38659291904006776
2020-12-30 20:00:00,200000.0,0.0,200000.0,0,0.0,0.0,0.0,0.011312979501286291,0.39790589854135405
2020-12-31 00:00:00,200000.0,0.0,200000.0,0,0.0,0.0,0.0,0.02211782724581024,0.4200237257871643
2020-12-31 04:00:00,200000.0,0.0,200000.0,0,0.0,0.0,0.0,0.003443092027302974,0.42346681781446727
2020-12-31 08:00:00,200000.0,0.0,200000.0,0,0.0,0.0,0.0,0.005141375711068985,0.42860819352553625
2020-12-31 12:00:00,200000.0,0.0,200000.0,0,0.0,0.0,0.0,0.0045221196251377105,0.43313031315067396
2020-12-31 16:00:00,200000.0,0.0,200000.0,0,0.0,0.0,0.0,-0.008401574330523687,0.4247287388201503
2020-12-31 20:00:00,200000.0,0.0,200000.0,0,0.0,0.0,0.0,-0.004852941685143386,0.4198757971350069
2021-01-01 00:00:00,200000.0,0.0,200000.0,0,0.0,0.0,0.0,0.00444316996871752,0.4243189671037244
2021-01-01 04:00:00,200000.0,0.0,200000.0,0,0.0,0.0,0.0,0.0008928006012907108,0.4252117677050151
2021-01-01 08:00:00,200000.0,0.0,200000.0,0,0.0,0.0,0.0,0.01226574949271586,0.437477517197731
2021-01-01 12:00:00,200000.0,0.0,200000.0,0,0.0,0.0,0.0,-0.006338119569375356,0.4311393976283556
2021-01-01 16:00:00,200000.0,0.0,200000.0,0,0.0,0.0,0.0,0.00758468667365797,0.4387240843020136
2021-01-01 20:00:00,200000.0,0.0,200000.0,0,0.0,0.0,0.0,-0.004258107785869325,0.43446597651614427
2021-01-02 00:00:00,200000.0,0.0,200000.0,0,0.0,0.0,0.0,-0.00546890283113266,0.4289970736850116
2021-01-02 04:00:00,200000.0,0.0,200000.0,0,0.0,0.0,0.0,0.010425766749434295,0.4394228404344459
2021-01-02 08:00:00,200000.0,0.0,200000.0,0,0.0,0.0,0.0,0.0006907205142288042,0.4401135609486747
2021-01-02 12:00:00,200000.0,0.0,200000.0,0,0.0,0.0,0.0,0.013561279574270113,0.4536748405229448
2021-01-02 16:00:00,200000.0,0.0,200000.0,0,0.0,0.0,0.0,0.0001680672268906669,0.4538429077498355
2021-01-02 20:00:00,200000.0,0.0,200000.0,0,0.0,0.0,0.0,0.06507444127037476,0.5189173490202103
2021-01-03 00:00:00,200000.0,0.0,200000.0,0,0.0,0.0,0.0,0.042153853629814275,0.5610712026500245
2021-01-03 04:00:00,200000.0,0.0,200000.0,0,0.0,0.0,0.0,-0.02570214853211883,0.5353690541179057
2021-01-03 08:00:00,200000.0,0.0,200000.0,0,0.0,0.0,0.0,0.012292123301613112,0.5476611774195188
2021-01-03 12:00:00,200000.0,0.0,200000.0,0,0.0,0.0,0.0,0.05766800199055244,0.6053291794100712
2021-01-03 16:00:00,200000.0,0.0,200000.0,0,0.0,0.0,0.0,-0.0011264837163454944,0.6042026956937258
2021-01-03 20:00:00,200000.0,0.0,200000.0,0,0.0,0.0,0.0,-0.02635329767100314,0.5778493980227226
2021-01-04 00:00:00,200000.0,0.0,200000.0,0,0.0,0.0,0.0,-0.02191835523845742,0.5559310427842652
2021-01-04 04:00:00,200000.0,0.0,200000.0,0,0.0,0.0,0.0,0.00695223178418547,0.5628832745684507
2021-01-04 08:00:00,200000.0,0.0,200000.0,0,0.0,0.0,0.0,0.015306340444938726,0.5781896150133894
2021-01-04 12:00:00,200000.0,0.0,200000.0,0,0.0,0.0,0.0,-0.04286862083332843,0.535320994180061
2021-01-04 16:00:00,200000.0,0.0,200000.0,0,0.0,0.0,0.0,-0.041341688692200895,0.49397930548786007
2021-01-04 20:00:00,200000.0,0.0,200000.0,0,0.0,0.0,0.0,0.03261418999930399,0.526593495487164
2021-01-05 00:00:00,200000.0,0.0,200000.0,0,0.0,0.0,0.0,-0.0025266398116030597,0.524066855675561
2021-01-05 04:00:00,200000.0,0.0,200000.0,0,0.0,0.0,0.0,0.01020668860220475,0.5342735442777657
2021-01-05 08:00:00,200000.0,0.0,200000.0,0,0.0,0.0,0.0,-0.024655886404922223,0.5096176578728435
2021-01-05 12:00:00,200000.0,0.0,200000.0,0,0.0,0.0,0.0,-0.012250961538461502,0.497366696334382
2021-01-05 16:00:00,200000.0,0.0,200000.0,0,0.0,0.0,0.0,0.031114840561143664,0.5284815368955257
2021-01-05 20:00:00,200000.0,0.0,200000.0,0,0.0,0.0,0.0,0.010174763489932515,0.5386563003854582
2021-01-06 00:00:00,200000.0,0.0,200000.0,0,0.0,0.0,0.0,0.04977479736747492,0.5884310977529331
2021-01-06 04:00:00,200000.0,0.0,200000.0,0,0.0,0.0,0.0,0.007471715470617424,0.5959028132235505
2021-01-06 08:00:00,200000.0,0.0,200000.0,0,0.0,0.0,0.0,0.0049502894443604895,0.600853102667911
2021-01-06 12:00:00,200000.0,0.0,200000.0,0,0.0,0.0,0.0,0.016378941185470675,0.6172320438533817
2021-01-06 16:00:00,200000.0,0.0,200000.0,0,0.0,0.0,0.0,0.006982558743122036,0.6242146025965037
2021-01-06 20:00:00,200000.0,0.0,200000.0,0,0.0,0.0,0.0,-0.010090344582088573,0.6141242580144152
2021-01-07 00:00:00,200000.0,0.0,200000.0,0,0.0,0.0,0.0,0.0072478337936578985,0.6213720918080731
2021-01-07 04:00:00,200000.0,0.0,200000.0,0,0.0,0.0,0.0,0.05608339901059023,0.6774554908186633
2021-01-07 08:00:00,200000.0,0.0,200000.0,0,0.0,0.0,0.0,0.01863290522326211,0.6960883960419254
2021-01-07 12:00:00,200000.0,0.0,200000.0,0,0.0,0.0,0.0,-0.015876071433911343,0.6802123246080141
2021-01-07 16:00:00,200000.0,0.0,200000.0,0,0.0,0.0,0.0,0.02610536939244179,0.7063176940004559
2021-01-07 20:00:00,200000.0,0.0,200000.0,0,0.0,0.0,0.0,0.03036135760874137,0.7366790516091972
2021-01-08 00:00:00,200000.0,0.0,200000.0,0,0.0,0.0,0.0,0.0023499875033423656,0.7390290391125396
2021-01-08 04:00:00,200000.0,0.0,200000.0,0,0.0,0.0,0.0,0.009479289334903385,0.748508328447443
2021-01-08 08:00:00,200000.0,0.0,200000.0,0,0.0,0.0,0.0,-0.027520092675341168,0.7209882357721018
2021-01-08 12:00:00,200000.0,0.0,200000.0,0,0.0,0.0,0.0,0.01521497062359356,0.7362032063956954
2021-01-08 16:00:00,200000.0,0.0,200000.0,0,0.0,0.0,0.0,0.06052110745930883,0.7967243138550042
2021-01-08 20:00:00,200000.0,0.0,200000.0,0,0.0,0.0,0.0,-0.011083238246145655,0.7856410756088585
2021-01-09 00:00:00,200000.0,0.0,200000.0,0,0.0,0.0,0.0,-0.011364204140774326,0.7742768714680842
2021-01-09 04:00:00,200000.0,0.0,200000.0,0,0.0,0.0,0.0,0.005393769715365426,0.7796706411834496
2021-01-09 08:00:00,200000.0,0.0,200000.0,0,0.0,0.0,0.0,-0.009147222678764777,0.7705234185046849
2021-01-09 12:00:00,200000.0,0.0,200000.0,0,0.0,0.0,0.0,-0.014249125687395003,0.7562742928172899
2021-01-09 16:00:00,200000.0,0.0,200000.0,0,0.0,0.0,0.0,0.02339032574552924,0.7796646185628191
2021-01-09 20:00:00,200000.0,0.0,200000.0,0,0.0,0.0,0.0,-0.0010013368413811508,0.778663281721438
2021-01-10 00:00:00,200000.0,0.0,200000.0,0,0.0,0.0,0.0,0.003473398617895418,0.7821366803393334
2021-01-10 04:00:00,200000.0,0.0,200000.0,0,0.0,0.0,0.0,-0.014205756123495172,0.7679309242158382
2021-01-10 08:00:00,200000.0,0.0,200000.0,0,0.0,0.0,0.0,0.005697933208309136,0.7736288574241473
2021-01-10 12:00:00,200000.0,0.0,200000.0,0,0.0,0.0,0.0,0.016418282872779022,0.7900471402969264
2021-01-10 16:00:00,200000.0,0.0,200000.0,0,0.0,0.0,0.0,-0.04384755251342343,0.7461995877835029
2021-01-10 20:00:00,200000.0,0.0,200000.0,0,0.0,0.0,0.0,0.012507095138145852,0.7587066829216488
2021-01-11 00:00:00,200000.0,0.0,200000.0,0,0.0,0.0,0.0,-0.055834104871948176,0.7028725780497006
2021-01-11 04:00:00,200000.0,0.0,200000.0,0,0.0,0.0,0.0,0.018508002692170233,0.7213805807418708
2021-01-11 08:00:00,200000.0,0.0,200000.0,0,0.0,0.0,0.0,-0.07108226941951779,0.650298311322353
2021-01-11 12:00:00,200000.0,0.0,200000.0,0,0.0,0.0,0.0,-0.029992750766615783,0.6203055605557373
2021-01-11 16:00:00,200000.0,0.0,200000.0,0,0.0,0.0,0.0,-0.005142640043705682,0.6151629205120316
2021-01-11 20:00:00,200000.0,0.0,200000.0,0,0.0,0.0,0.0,-0.0765693058421173,0.5385936146699143
2021-01-12 00:00:00,200000.0,0.0,200000.0,0,0.0,0.0,0.0,0.02136225459151353,0.5599558692614278
2021-01-12 04:00:00,200000.0,0.0,200000.0,0,0.0,0.0,0.0,0.09765577768394107,0.6576116469453689
2021-01-12 08:00:00,200000.0,0.0,200000.0,0,0.0,0.0,0.0,-0.01184906877577896,0.6457625781695899
2021-01-12 12:00:00,200000.0,0.0,200000.0,0,0.0,0.0,0.0,0.040835833455290516,0.6865984116248804
2021-01-12 16:00:00,200000.0,0.0,200000.0,0,0.0,0.0,0.0,-0.02753394336182091,0.6590644682630595
2021-01-12 20:00:00,200000.0,0.0,200000.0,0,0.0,0.0,0.0,-0.0446638176453128,0.6144006506177467
2021-01-13 00:00:00,200000.0,0.0,200000.0,0,0.0,0.0,0.0,0.025294861865714502,0.6396955124834612
2021-01-13 04:00:00,200000.0,0.0,200000.0,0,0.0,0.0,0.0,-0.018274988892928445,0.6214205235905328
2021-01-13 08:00:00,200000.0,0.0,200000.0,0,0.0,0.0,0.0,-0.006834993380564036,0.6145855302099688
2021-01-13 12:00:00,200000.0,0.0,200000.0,0,0.0,0.0,0.0,0.034549137306503885,0.6491346675164726
2021-01-13 16:00:00,200000.0,0.0,200000.0,0,0.0,0.0,0.0,-0.01718986249138954,0.6319448050250831
2021-01-13 20:00:00,200000.0,0.0,200000.0,0,0.0,0.0,0.0,0.00838784277549709,0.6403326478005802
2021-01-14 00:00:00,200000.0,0.0,200000.0,0,0.0,0.0,0.0,0.03830979497547138,0.6786424427760516
2021-01-14 04:00:00,200000.0,0.0,200000.0,0,0.0,0.0,0.0,0.03802901207563414,0.7166714548516857
2021-01-14 08:00:00,200000.0,0.0,200000.0,0,0.0,0.0,0.0,-0.008729942538916124,0.7079415123127696
2021-01-14 12:00:00,200000.0,0.0,200000.0,0,0.0,0.0,0.0,0.0311298678125842,0.7390713801253538
2021-01-14 16:00:00,200000.0,0.0,200000.0,0,0.0,0.0,0.0,0.0043855308895623946,0.7434569110149162
2021-01-14 20:00:00,200000.0,0.0,200000.0,0,0.0,0.0,0.0,0.030760420853331638,0.7742173318682478
2021-01-15 00:00:00,200000.0,0.0,200000.0,0,0.0,0.0,0.0,0.00836923876770368,0.7825865706359515
2021-01-15 04:00:00,200000.0,0.0,200000.0,0,0.0,0.0,0.0,-0.01836849229806281,0.7642180783378887
2021-01-15 08:00:00,200000.0,0.0,200000.0,0,0.0,0.0,0.0,-0.011355362822363269,0.7528627155155254
2021-01-15 12:00:00,200000.0,0.0,200000.0,0,0.0,0.0,0.0,-0.005863565891472855,0.7469991496240526
2021-01-15 16:00:00,200000.0,0.0,200000.0,0,0.0,0.0,0.0,-0.009466359334890928,0.7375327902891616
2021-01-15 20:00:00,200000.0,0.0,200000.0,0,0.0,0.0,0.0,-0.06555322538998776,0.6719795648991739
2021-01-16 00:00:00,200000.0,0.0,200000.0,0,0.0,0.0,0.0,-0.011048920100464099,0.6609306447987098
2021-01-16 04:00:00,200000.0,0.0,200000.0,0,0.0,0.0,0.0,0.0433014947784125,0.7042321395771223
2021-01-16 08:00:00,200000.0,0.0,200000.0,0,0.0,0.0,0.0,-0.005696444036315751,0.6985356955408065
2021-01-16 12:00:00,200000.0,0.0,200000.0,0,0.0,0.0,0.0,0.00114800568911555,0.6996837012299221
2021-01-16 16:00:00,200000.0,0.0,200000.0,0,0.0,0.0,0.0,0.030215836779689642,0.7298995380096117
2021-01-16 20:00:00,200000.0,0.0,200000.0,0,0.0,0.0,0.0,-0.005785828025477779,0.7241137099841339
2021-01-17 00:00:00,200000.0,0.0,200000.0,0,0.0,0.0,0.0,-0.028978706149886846,0.6951350038342471
2021-01-17 04:00:00,200000.0,0.0,200000.0,0,0.0,0.0,0.0,-0.010485097614139183,0.6846499062201079
2021-01-17 08:00:00,200000.0,0.0,200000.0,0,0.0,0.0,0.0,0.005056816256044483,0.6897067224761524
2021-01-17 12:00:00,200000.0,0.0,200000.0,0,0.0,0.0,0.0,-0.03914365480830362,0.6505630676678488
2021-01-17 16:00:00,200000.0,0.0,200000.0,0,0.0,0.0,0.0,0.01456435247648935,0.6651274201443381
2021-01-17 20:00:00,200000.0,0.0,200000.0,0,0.0,0.0,0.0,0.013080153581929155,0.6782075737262673
2021-01-18 00:00:00,200000.0,0.0,200000.0,0,0.0,0.0,0.0,-0.002646628864879985,0.6755609448613873
2021-01-18 04:00:00,200000.0,0.0,200000.0,0,0.0,0.0,0.0,0.0054638966085955865,0.6810248414699829
2021-01-18 08:00:00,200000.0,0.0,200000.0,0,0.0,0.0,0.0,-0.020161541293396534,0.6608633001765863
2021-01-18 12:00:00,200000.0,0.0,200000.0,0,0.0,0.0,0.0,0.028438241053943436,0.6893015412305298
2021-01-18 16:00:00,200000.0,0.0,200000.0,0,0.0,0.0,0.0,0.009347005825571797,0.6986485470561016
2021-01-18 20:00:00,200000.0,0.0,200000.0,0,0.0,0.0,0.0,-0.0009906130495295207,0.6976579340065721
2021-01-19 00:00:00,200000.0,0.0,200000.0,0,0.0,0.0,0.0,-0.012356211809158912,0.6853017221974131
2021-01-19 04:00:00,200000.0,0.0,200000.0,0,0.0,0.0,0.0,0.018776487131265895,0.704078209328679
2021-01-19 08:00:00,200000.0,0.0,200000.0,0,0.0,0.0,0.0,-0.004530828442475321,0.6995473808862037
2021-01-19 12:00:00,200000.0,0.0,200000.0,0,0.0,0.0,0.0,0.019292861981116127,0.7188402428673198
2021-01-19 16:00:00,200000.0,0.0,200000.0,0,0.0,0.0,0.0,0.0026277401327241545,0.721467983000044
2021-01-19 20:00:00,200000.0,0.0,200000.0,0,0.0,0.0,0.0,0.0016881117593849915,0.723156094759429
2021-01-20 00:00:00,200000.0,0.0,200000.0,0,0.0,0.0,0.0,-0.028116712296474167,0.6950393824629548
2021-01-20 04:00:00,200000.0,0.0,200000.0,0,0.0,0.0,0.0,-0.01070374660072737,0.6843356358622275
2021-01-20 08:00:00,205472.027311,0.0,205472.027311,0,0.027360136555000025,5472.027311000013,5472.027311000013,-0.02309739718245185,0.6612382386797756
2021-01-20 12:00:00,205472.027311,0.0,205472.027311,0,0.0,0.0,5472.027311000013,0.01753012977686419,0.6787683684566398
2021-01-20 16:00:00,213938.104225,0.0,213938.104225,0,0.04120306313611155,8466.076913999976,13938.104224999988,-0.03506362897922877,0.643704739477411
2021-01-20 20:00:00,213643.678457,0.0,213643.678457,0,-0.0013762193932985722,-294.4257679999864,13643.678457000002,-0.006797154606510092,0.6369075848709009
2021-01-21 00:00:00,213643.678457,0.0,213643.678457,0,0.0,0.0,13643.678457000002,0.02939123196919069,0.6662988168400916
2021-01-21 04:00:00,213643.678457,0.0,213643.678457,0,0.0,0.0,13643.678457000002,0.0077026188506332804,0.6740014356907249
2021-01-21 08:00:00,213643.678457,0.0,213643.678457,0,0.0,0.0,13643.678457000002,-0.02529418581079479,0.6487072498799301
2021-01-21 12:00:00,213643.678457,0.0,213643.678457,0,0.0,0.0,13643.678457000002,0.001538279527778963,0.6502455294077091
2021-01-21 16:00:00,213643.678457,0.0,213643.678457,0,0.0,0.0,13643.678457000002,-0.06976753589317541,0.5804779935145337
2021-01-21 20:00:00,213643.678457,0.0,213643.678457,0,0.0,0.0,13643.678457000002,-0.02559966866012886,0.5548783248544048
2021-01-22 00:00:00,213643.678457,0.0,213643.678457,0,0.0,0.0,13643.678457000002,0.0345579559579392,0.589436280812344
2021-01-22 04:00:00,213643.678457,0.0,213643.678457,0,0.0,0.0,13643.678457000002,-0.04984899284417643,0.5395872879681676
2021-01-22 08:00:00,213624.838124,0.0,213624.838124,0,-8.818577332159183e-05,-18.8403330000001,13624.838124000002,0.00302332599570887,0.5426106139638764
2021-01-22 12:00:00,215559.61278,0.0,215559.61278,0,0.009056880618333985,1934.7746559999941,15559.612779999996,-0.003262408138730688,0.5393482058251458
2021-01-22 16:00:00,214361.905589,0.0,214361.905589,0,-0.0055562689854261604,-1197.707190999994,14361.905589000002,0.028156971965586308,0.5675051777907321
2021-01-22 20:00:00,213163.932888,0.0,213163.932888,0,-0.00558855220897736,-1197.9727009999915,13163.93288800001,0.023573612589748327,0.5910787903804804
2021-01-23 00:00:00,211965.583349,0.0,211965.583349,0,-0.005621727478774097,-1198.349539000017,11965.583348999993,0.03484766048378196,0.6259264508642624
2021-01-23 04:00:00,214132.766071,0.0,214132.766071,0,0.010224219836820092,2167.1827219999977,14132.766070999991,-0.019183066623160938,0.6067433842411014
2021-01-23 08:00:00,212934.562525,0.0,212934.562525,0,-0.00559561046160828,-1198.2035460000043,12934.562524999987,-0.017609865118316304,0.5891335191227851
2021-01-23 12:00:00,212934.562525,0.0,212934.562525,0,0.0,0.0,12934.562524999987,0.017493274372540002,0.6066267934953251
2021-01-23 16:00:00,221128.661077,0.0,221128.661077,0,0.03848176855289975,8194.09855200001,21128.661076999997,-0.03904172276851292,0.5675850707268122
2021-01-23 20:00:00,219930.688548,0.0,219930.688548,0,-0.005417536212471541,-1197.9725289999915,19930.688548000006,0.007318894414338306,0.5749039651411505
2021-01-24 00:00:00,218732.598964,0.0,218732.598964,0,-0.005447578016100851,-1198.0895840000012,18732.598964000004,0.014797142776475924,0.5897011079176264
2021-01-24 04:00:00,219280.782672,0.0,219280.782672,0,0.002506182025890924,548.1837079999968,19280.782672,-0.008370946795846157,0.5813301611217803
2021-01-24 08:00:00,218082.809702,0.0,218082.809702,0,-0.005463191782710486,-1197.9729700000025,18082.809702,0.012533512064343055,0.5938636731861233
2021-01-24 12:00:00,217930.023894,0.0,217930.023894,0,-0.0007005862048858891,-152.785807999986,17930.023894000013,0.009886068525140956,0.6037497417112643
2021-01-24 16:00:00,216732.311191,0.0,216732.311191,0,-0.0054958590909097715,-1197.7127030000265,16732.311190999986,0.0009822826333834023,0.6047320243446477
2021-01-24 20:00:00,219140.679579,0.0,219140.679579,0,0.011112179696536328,2408.3683880000026,19140.67957899999,-0.02668991943257737,0.5780421049120703
2021-01-25 00:00:00,219140.679579,0.0,219140.679579,0,0.0,0.0,19140.67957899999,-0.020363581744873183,0.5576785231671971
2021-01-25 04:00:00,217942.356386,0.0,217942.356386,0,-0.005468282727342677,-1198.3231929999893,17942.356386,0.030460651837058927,0.588139175004256
2021-01-25 08:00:00,217942.356386,0.0,217942.356386,0,0.0,0.0,17942.356386,0.04055437245620719,0.6286935474604632
2021-01-25 12:00:00,217942.356386,0.0,217942.356386,0,0.0,0.0,17942.356386,-0.006590467520133703,0.6221030799403295
2021-01-25 16:00:00,217942.356386,0.0,217942.356386,0,0.0,0.0,17942.356386,-0.004848719298166548,0.617254360642163
2021-01-25 20:00:00,217942.356386,0.0,217942.356386,0,0.0,0.0,17942.356386,0.038361911282298156,0.6556162719244611
2021-01-26 00:00:00,217942.356386,0.0,217942.356386,0,0.0,0.0,17942.356386,-0.03037786821234112,0.62523840371212
2021-01-26 04:00:00,17942.364711,199800.19148399998,217742.55619499998,1,-0.0009167570467401021,-199.80019100001664,17742.556194999983,-0.03463893014210062,0.5905994735700194
2021-01-26 08:00:00,217497.997535,0.0,217497.997535,0,-0.001123155088622041,-244.5586599999806,17497.997535000002,-0.022804471975742757,0.5677950015942766
2021-01-26 12:00:00,217497.997535,0.0,217497.997535,0,0.0,0.0,17497.997535000002,0.003964318280028412,0.5717593198743051
2021-01-26 16:00:00,217497.997535,0.0,217497.997535,0,0.0,0.0,17497.997535000002,0.004845844074048422,0.5766051639483535
2021-01-26 20:00:00,217497.997535,0.0,217497.997535,0,0.0,0.0,17497.997535000002,-0.0014693233156010121,0.5751358406327525
2021-01-27 00:00:00,217497.997535,0.0,217497.997535,0,0.0,0.0,17497.997535000002,0.014428241937145092,0.5895640825698976
2021-01-27 04:00:00,216300.263347,0.0,216300.263347,0,-0.005506874553211749,-1197.7341880000022,16300.263347,0.00805505904838899,0.5976191416182866
2021-01-27 08:00:00,216300.263347,0.0,216300.263347,0,0.0,0.0,16300.263347,-0.020540677724401712,0.5770784638938848
2021-01-27 12:00:00,216300.263347,0.0,216300.263347,0,0.0,0.0,16300.263347,-0.0018090705723052825,0.5752693933215796
2021-01-27 16:00:00,16300.278123,199800.185039,216100.463162,1,-0.000923716790300344,-199.80018500000006,16100.463162,-0.034787780614069286,0.5404816127075103
2021-01-27 20:00:00,16300.278123,200148.945627,216449.22375,1,0.0016138817237913994,348.76058800000465,16449.223750000005,-0.010327996462031308,0.530153616245479
2021-01-28 00:00:00,16300.278123,200489.779838,216790.05796099998,1,0.0015746612766496249,340.8342109999794,16790.057960999984,0.013775859004221624,0.5439294752497006
2021-01-28 04:00:00,16300.278123,198468.55370299998,214768.83182599998,1,-0.009323426332418006,-2021.2261350000044,14768.83182599998,-0.012172283121228755,0.5317571921284718
2021-01-28 08:00:00,16300.278123,202772.57641399998,219072.85453699998,1,0.020040257584894805,4304.022710999998,19072.854536999977,0.03418609207950296,0.5659432842079748
2021-01-28 12:00:00,16300.278123,203834.710932,220134.98905499998,1,0.004848316420785093,1062.1345180000062,20134.989054999984,-0.007442304783588205,0.5585009794243866
2021-01-28 16:00:00,16300.278123,204024.94398,220325.222103,1,0.0008641654323862102,190.2330480000237,20325.222103000007,0.008560650075568166,0.5670616294999548
2021-01-28 20:00:00,16300.278123,208780.77018,225081.048303,1,0.021585482381933918,4755.826199999981,25081.04830299999,0.015558553403163256,0.582620182903118
2021-01-29 00:00:00,16300.278123,206276.03504800002,222576.31317100002,1,-0.01112814762008818,-2504.7351319999725,22576.313171000016,0.019990296459147183,0.6026104793622652
2021-01-29 04:00:00,16300.278123,209311.837439,225612.115562,1,0.013639377648724249,3035.8023909999756,25612.11556199999,0.02457107709542017,0.6271815564576854
2021-01-29 08:00:00,16300.278123,208931.37134299998,225231.64946599997,1,-0.001686372626985344,-380.4660960000183,25231.649465999973,0.011051147824387764,0.6382327042820731
2021-01-29 12:00:00,215900.972574,21460.086398,237361.05897200003,1,0.05385304212244413,12129.409506000055,37361.05897200003,-0.04349464243048029,0.5947380618515928
2021-01-29 16:00:00,215900.972574,21920.705926999995,237821.67850100002,1,0.0019405859200110065,460.6195289999887,37821.67850100002,0.14749018714543172,0.7422282489970246
2021-01-29 20:00:00,215900.972574,22159.11704,238060.08961400003,1,0.001002478472537538,238.4111130000092,38060.089614000026,0.0028110493035578,0.7450392983005824
2021-01-30 00:00:00,215900.972574,21825.032859,237726.005433,1,-0.001403360729392733,-334.0841810000129,37726.00543300001,-0.07570362031166677,0.6693356779889156
2021-01-30 04:00:00,215900.972574,21827.34753,237728.320104,1,9.736717679675877e-06,2.3146710000000894,37728.32010400001,-0.0019339383896240792,0.6674017395992915
2021-01-30 08:00:00,215900.972574,21952.339764,237853.31233800002,1,0.0005257776353499999,124.99223400000483,37853.31233800002,-0.028577434442167093,0.6388243051571244
2021-01-30 12:00:00,215900.972574,22612.020999,238512.993573,1,0.0027734792865214963,659.6812349999964,38512.993573000014,0.02324502244438209,0.6620693276015065
2021-01-30 16:00:00,215900.972574,24484.589838,240385.56241200003,1,0.007851013946654772,1872.5688390000141,40385.56241200003,-0.011349084201745852,0.6507202433997606
2021-01-30 20:00:00,215900.972574,29470.391172,245371.36374600002,1,0.0207408518380765,4985.801333999989,45371.36374600002,0.01633373340780242,0.6670539768075631
2021-01-31 00:00:00,247958.478698,0.0,247958.478698,0,0.010543671080860406,2587.1149519999744,47958.47869799999,0.0022303289662148895,0.669284305773778
2021-01-31 04:00:00,247958.478698,0.0,247958.478698,0,0.0,0.0,47958.47869799999,-0.0006889008793549145,0.668595404894423
2021-01-31 08:00:00,247958.478698,0.0,247958.478698,0,0.0,0.0,47958.47869799999,-0.009709341421386575,0.6588860634730365
2021-01-31 12:00:00,246760.513084,0.0,246760.513084,0,-0.004831315389134283,-1197.965613999986,46760.513084000006,-0.009496846615449694,0.6493892168575868
2021-01-31 16:00:00,246760.513084,0.0,246760.513084,0,0.0,0.0,46760.513084000006,-0.0013315289999576985,0.6480576878576291
2021-01-31 20:00:00,252330.793352,0.0,252330.793352,0,0.022573628974842608,5570.280268000002,52330.79335200001,-0.02087314004045493,0.6271845478171741
2021-02-01 00:00:00,255054.059213,0.0,255054.059213,0,0.010792443620628811,2723.2658609999926,55054.059213,-0.0016389421915329327,0.6255456056256412
2021-02-01 04:00:00,253856.170387,0.0,253856.170387,0,-0.0046966075729052426,-1197.8888260000094,53856.17038699999,0.008661700519372761,0.634207306145014
2021-02-01 08:00:00,252658.168646,0.0,252658.168646,0,-0.004719214581917153,-1198.0017409999855,52658.168646000006,0.014534502483608325,0.6487418086286223
2021-02-01 12:00:00,252658.168646,0.0,252658.168646,0,0.0,0.0,52658.168646000006,0.006850545228937799,0.6555923538575601
2021-02-01 16:00:00,256372.835337,0.0,256372.835337,0,0.014702341550668852,3714.6666909999913,56372.835337,0.01122235051090148,0.6668147043684616
2021-02-01 20:00:00,256372.835337,0.0,256372.835337,0,0.0,0.0,56372.835337,-0.029931548506245687,0.6368831558622159
2021-02-02 00:00:00,256372.835337,0.0,256372.835337,0,0.0,0.0,56372.835337,0.020445009781312917,0.6573281656435288
2021-02-02 04:00:00,256372.835337,0.0,256372.835337,0,0.0,0.0,56372.835337,-0.009213275083463368,0.6481148905600654
2021-02-02 08:00:00,256372.835337,0.0,256372.835337,0,0.0,0.0,56372.835337,0.0007143630521286859,0.6488292536121941
2021-02-02 12:00:00,260601.967493,0.0,260601.967493,0,0.016496022874033622,4229.132156000007,60601.967493000004,0.02006120955031121,0.6688904631625053
2021-02-02 16:00:00,259404.088113,0.0,259404.088113,0,-0.004596586094585686,-1197.8793799999985,59404.088113000005,0.014515515416653857,0.6834059785791592
2021-02-02 20:00:00,264484.701315,0.0,264484.701315,0,0.019585709843504162,5080.613202000008,64484.70131500001,-0.00033640407659529803,0.6830695745025639
2021-02-03 00:00:00,265106.990798,0.0,265106.990798,0,0.002352837347135761,622.2894830000005,65106.99079800001,0.03035455034462764,0.7134241248471915
2021-02-03 04:00:00,268141.755526,0.0,268141.755526,0,0.011447320641621017,3034.76472799998,68141.755526,-0.008271062912256433,0.7051530619349351
2021-02-03 08:00:00,266943.690788,0.0,266943.690788,0,-0.004468027501534744,-1198.0647379999864,66943.690788,0.026425975801212642,0.7315790377361477
2021-02-03 12:00:00,265745.542846,0.0,265745.542846,0,-0.004488392059251001,-1198.1479420000105,65745.542846,-0.00290906333929164,0.7286699743968561
2021-02-03 16:00:00,269473.918024,0.0,269473.918024,0,0.014029869092331726,3728.3751780000166,69473.91802400001,-0.009040825597966928,0.7196291487988892
2021-02-03 20:00:00,268275.979634,0.0,268275.979634,0,-0.004445470636951665,-1197.9383900000248,68275.97963399999,0.02448163592341368,0.7441107847223029
2021-02-04 00:00:00,268275.979634,0.0,268275.979634,0,0.0,0.0,68275.97963399999,-0.0016583446404342395,0.7424524400818686
2021-02-04 04:00:00,267077.897443,0.0,267077.897443,0,-0.004465857109661853,-1198.082190999994,67077.897443,0.022560615446674426,0.765013055528543
2021-02-04 08:00:00,67077.928795,199800.16848000002,266878.097275,1,-0.000748096978120838,-199.80016799998702,66878.09727500001,-0.0031922808951997395,0.7618207746333433
2021-02-04 12:00:00,67077.928795,201770.02929600002,268847.95809100004,1,0.00738112582528716,1969.8608160000294,68847.95809100004,0.00919016565338926,0.7710109402867326
2021-02-04 16:00:00,67077.928795,202468.339744,269546.268539,1,0.002597417711328154,698.3104479999747,69546.26853900001,-0.013784437973332286,0.7572265023134003
2021-02-04 20:00:00,67077.928795,210957.501832,278035.430627,1,0.031494266769164,8489.162087999983,78035.430627,-0.020297011796070574,0.7369294905173297
2021-02-05 00:00:00,266678.397315,25445.3253,292123.72261500004,1,0.050670851395555605,14088.29198800004,92123.72261500004,0.02469489990627438,0.7616243904236041
2021-02-05 04:00:00,293073.994624,0.0,293073.994624,0,0.00325297788380019,950.2720089999493,93073.99462399998,-0.014159592475334382,0.7474647979482697
2021-02-05 08:00:00,293073.994624,0.0,293073.994624,0,0.0,0.0,93073.99462399998,0.011624223738691875,0.7590890216869616
2021-02-05 12:00:00,293073.994624,0.0,293073.994624,0,0.0,0.0,93073.99462399998,0.007706466998626205,0.7667954886855878
2021-02-05 16:00:00,293073.994624,0.0,293073.994624,0,0.0,0.0,93073.99462399998,0.0009916614392422307,0.76778715012483
2021-02-05 20:00:00,293073.994624,0.0,293073.994624,0,0.0,0.0,93073.99462399998,0.0071485954856449485,0.774935745610475
2021-02-06 00:00:00,295622.54726,0.0,295622.54726,0,0.008695935779869268,2548.5526360000367,95622.54726000002,-0.009268518333142017,0.7656672272773329
2021-02-06 04:00:00,294424.439342,0.0,294424.439342,0,-0.004052829965456861,-1198.1079180000233,94424.439342,0.01811591505419452,0.7837831423315275
2021-02-06 08:00:00,301331.47912,0.0,301331.47912,0,0.0234594648237636,6907.039777999977,101331.47911999997,0.02858430764602149,0.812367449977549
2021-02-06 12:00:00,300666.653332,0.0,300666.653332,0,-0.0022062938460378767,-664.8257879999583,100666.65333200002,-0.0006505057542590675,0.8117169442232899
2021-02-06 16:00:00,300404.313968,0.0,300404.313968,0,-0.0008725256395837322,-262.33936400001403,100404.313968,0.02136404472457709,0.833080988947867
2021-02-06 20:00:00,299206.115854,0.0,299206.115854,0,-0.00398861819982943,-1198.198114000028,99206.11585399997,0.01653582500891182,0.8496168139567788
2021-02-07 00:00:00,298379.134273,0.0,298379.134273,0,-0.002763919375911139,-826.9815809999709,98379.134273,-0.016770207462523445,0.8328466064942553
2021-02-07 04:00:00,300371.656861,0.0,300371.656861,0,0.006677821466486877,1992.5225879999925,100371.656861,-0.024701202755042173,0.8081454037392132
2021-02-07 08:00:00,301863.873848,0.0,301863.873848,0,0.004967902106990607,1492.2169870000216,101863.87384800002,-0.008816202540948725,0.7993292011982644
2021-02-07 12:00:00,303657.330515,0.0,303657.330515,0,0.005941276258526473,1793.4566669999622,103657.33051499998,0.004854091478538658,0.8041832926768031
2021-02-07 16:00:00,303657.330515,0.0,303657.330515,0,0.0,0.0,103657.33051499998,0.00042531386113231484,0.8046086065379354
2021-02-07 20:00:00,316324.209219,0.0,316324.209219,0,0.041714384706330376,12666.878704000032,116324.20921900001,-0.028824276633560908,0.7757843299043745
2021-02-08 00:00:00,316324.209219,0.0,316324.209219,0,0.0,0.0,116324.20921900001,0.0033988983972250697,0.7791832283015996
2021-02-08 04:00:00,316324.209219,0.0,316324.209219,0,0.0,0.0,116324.20921900001,0.01959763469119591,0.7987808629927955
2021-02-08 08:00:00,316324.209219,0.0,316324.209219,0,0.0,0.0,116324.20921900001,-0.018549225442310857,0.7802316375504846
2021-02-08 12:00:00,316324.209219,0.0,316324.209219,0,0.0,0.0,116324.20921900001,0.03135539759103234,0.811587035141517
2021-02-08 16:00:00,316324.209219,0.0,316324.209219,0,0.0,0.0,116324.20921900001,0.0038994192760624102,0.8154864544175794
2021-02-08 20:00:00,316324.209219,0.0,316324.209219,0,0.0,0.0,116324.20921900001,0.10890168906133146,0.9243881434789109
2021-02-09 00:00:00,316324.209219,0.0,316324.209219,0,0.0,0.0,116324.20921900001,-0.015197299315221513,0.9091908441636893
2021-02-09 04:00:00,316324.209219,0.0,316324.209219,0,0.0,0.0,116324.20921900001,0.07718396030841812,0.9863748044721075
2021-02-09 08:00:00,316324.209219,0.0,316324.209219,0,0.0,0.0,116324.20921900001,0.0048440027972045385,0.991218807269312
2021-02-09 12:00:00,316324.209219,0.0,316324.209219,0,0.0,0.0,116324.20921900001,0.019439903981822937,1.010658711251135
2021-02-09 16:00:00,316324.209219,0.0,316324.209219,0,0.0,0.0,116324.20921900001,-0.02367057218758295,0.986988139063552
2021-02-09 20:00:00,316324.209219,0.0,316324.209219,0,0.0,0.0,116324.20921900001,0.008467059299384294,0.9954551983629363
2021-02-10 00:00:00,316324.209219,0.0,316324.209219,0,0.0,0.0,116324.20921900001,0.0061263151908459434,1.0015815135537822
2021-02-10 04:00:00,316324.209219,0.0,316324.209219,0,0.0,0.0,116324.20921900001,-0.013594508138302985,0.9879870054154792
2021-02-10 08:00:00,316324.209219,0.0,316324.209219,0,0.0,0.0,116324.20921900001,-0.004294446280322273,0.983692559135157
2021-02-10 12:00:00,316324.209219,0.0,316324.209219,0,0.0,0.0,116324.20921900001,0.007412636704429376,0.9911051958395863
2021-02-10 16:00:00,315126.298261,0.0,315126.298261,0,-0.0037869721099046405,-1197.9109579999931,115126.29826100002,0.0004911552327573343,0.9915963510723437
2021-02-10 20:00:00,331279.862568,0.0,331279.862568,0,0.051260603752026235,16153.564306999964,131279.86256799998,-0.04794344119849148,0.9436529098738522
2021-02-11 00:00:00,330081.989222,0.0,330081.989222,0,-0.003615895444758932,-1197.8733459999785,130081.989222,0.018871536201351846,0.962524446075204
2021-02-11 04:00:00,330081.989222,0.0,330081.989222,0,0.0,0.0,130081.989222,-0.008463588776732922,0.9540608572984711
2021-02-11 08:00:00,330081.989222,0.0,330081.989222,0,0.0,0.0,130081.989222,-0.005032853816251626,0.9490280034822195
2021-02-11 12:00:00,330081.989222,0.0,330081.989222,0,0.0,0.0,130081.989222,0.0026454581404586897,0.9516734616226782
2021-02-11 16:00:00,331167.841331,0.0,331167.841331,0,0.0032896436172094035,1085.8521089999704,131167.84133099997,0.030458158734192553,0.9821316203568707
2021-02-11 20:00:00,331167.841331,0.0,331167.841331,0,0.0,0.0,131167.84133099997,0.04123531392492952,1.0233669342818001
2021-02-12 00:00:00,331167.841331,0.0,331167.841331,0,0.0,0.0,131167.84133099997,-0.004312267192929209,1.019054667088871
2021-02-12 04:00:00,331167.841331,0.0,331167.841331,0,0.0,0.0,131167.84133099997,0.004512289329298591,1.0235669564181695
2021-02-12 08:00:00,329969.925246,0.0,329969.925246,0,-0.0036172476173574886,-1197.9160849999753,129969.925246,-0.00796756106118246,1.015599395356987
2021-02-12 12:00:00,329969.925246,0.0,329969.925246,0,0.0,0.0,129969.925246,-0.005642260510207442,1.0099571348467795
2021-02-12 16:00:00,328771.854674,0.0,328771.854674,0,-0.0036308477844058107,-1198.070571999997,128771.854674,0.005148269789540416,1.01510540463632
2021-02-12 20:00:00,327573.948023,0.0,327573.948023,0,-0.003643580294267701,-1197.9066510000266,127573.94802299998,-0.011382305610185384,1.0037230990261345
2021-02-13 00:00:00,331861.697144,0.0,331861.697144,0,0.01308940819890525,4287.749121000001,131861.69714399998,0.0053571751375181,1.0090802741636526
2021-02-13 04:00:00,330663.695313,0.0,330663.695313,0,-0.0036099430615523787,-1198.0018309999723,130663.695313,0.0003099023860368977,1.0093901765496895
2021-02-13 08:00:00,329465.820972,0.0,329465.820972,0,-0.0036226364066551664,-1197.874340999988,129465.82097200002,0.011453742630203267,1.0208439191798928
2021-02-13 12:00:00,129465.859811,199800.16100000002,329266.020811,1,-0.0006064366871517679,-199.80016099999193,129266.02081100002,-0.017426585672942196,1.0034173335069507
2021-02-13 16:00:00,129465.859811,192074.77696000002,321540.636771,1,-0.023462439339996255,-7725.384040000034,121540.63677099999,-0.008650149417862019,0.9947671840890887
2021-02-13 20:00:00,129465.859811,204432.7252,333898.585011,1,0.03843355030985185,12357.948239999998,133898.585011,0.010448988177517604,1.0052161722666062
2021-02-14 00:00:00,129465.859811,203269.58497999999,332735.444791,1,-0.0034835134744931606,-1163.1402200000011,132735.444791,-0.004372927952050354,1.0008432443145558
2021-02-14 04:00:00,129465.859811,210994.96902000002,340460.828831,1,0.023217797084565284,7725.384040000034,140460.82883100002,0.00604947925278676,1.0068927235673426
2021-02-14 08:00:00,129465.859811,200906.64396000002,330372.503771,1,-0.029631382543005236,-10088.325060000003,130372.50377100002,0.0024074467979069425,1.0093001703652495
2021-02-14 12:00:00,129465.859811,206422.39486,335888.254671,1,0.01669555074057638,5515.7508999999845,135888.254671,0.03084527307619811,1.0401454434414477
2021-02-14 16:00:00,129465.859811,203016.29369999998,332482.153511,1,-0.010140578340068096,-3406.10116000002,132482.15351099998,0.006772268465709219,1.0469177119071569
2021-02-14 20:00:00,332279.137217,0.0,332279.137217,0,-0.0006106080938664826,-203.01629399997182,132279.137217,-0.010477592979005745,1.0364401189281511
2021-02-15 00:00:00,332279.137217,0.0,332279.137217,0,0.0,0.0,132279.137217,0.003135688089988653,1.0395758070181398
2021-02-15 04:00:00,332279.137217,0.0,332279.137217,0,0.0,0.0,132279.137217,-0.0023740388582516037,1.0372017681598882
2021-02-15 08:00:00,332279.137217,0.0,332279.137217,0,0.0,0.0,132279.137217,-0.03000321751977597,1.0071985506401122
2021-02-15 12:00:00,332279.137217,0.0,332279.137217,0,0.0,0.0,132279.137217,0.0031145811889992103,1.0103131318291114
2021-02-15 16:00:00,332279.137217,0.0,332279.137217,0,0.0,0.0,132279.137217,0.011331358455550333,1.0216444902846618
2021-02-15 20:00:00,332279.137217,0.0,332279.137217,0,0.0,0.0,132279.137217,0.002848586250221219,1.024493076534883
2021-02-16 00:00:00,332279.137217,0.0,332279.137217,0,0.0,0.0,132279.137217,0.01498743294319027,1.0394805094780732
2021-02-16 04:00:00,332279.137217,0.0,332279.137217,0,0.0,0.0,132279.137217,-0.015336030701245118,1.0241444787768281
2021-02-16 08:00:00,332279.137217,0.0,332279.137217,0,0.0,0.0,132279.137217,0.03575225782751801,1.0598967366043461
2021-02-16 12:00:00,336921.099776,0.0,336921.099776,0,0.013970069255261341,4641.962559000007,136921.09977600002,-0.009281188972358745,1.0506155476319874
2021-02-16 16:00:00,336921.099776,0.0,336921.099776,0,0.0,0.0,136921.09977600002,-0.0050439899876858485,1.0455715576443017
2021-02-16 20:00:00,336921.099776,0.0,336921.099776,0,0.0,0.0,136921.09977600002,0.0008469711428775728,1.0464185287871792
2021-02-17 00:00:00,340318.412595,0.0,340318.412595,0,0.010083407721447779,3397.3128189999843,140318.412595,-0.008569168274713546,1.0378493605124657
2021-02-17 04:00:00,340306.534868,0.0,340306.534868,0,-3.4901805369358385e-05,-11.877726999984588,140306.53486800002,0.012280429582225194,1.0501297900946909
2021-02-17 08:00:00,341521.14156,0.0,341521.14156,0,0.0035691547694525205,1214.6066920000012,141521.14156000002,0.010663407515653756,1.0607931976103446
2021-02-17 12:00:00,340323.04896,0.0,340323.04896,0,-0.003508106685657597,-1198.0926000000327,140323.04896,0.02930098204939524,1.0900941796597399
2021-02-17 16:00:00,339125.002426,0.0,339125.002426,0,-0.0035203214641532643,-1198.0465339999646,139125.00242600002,0.003151290714443311,1.0932454703741832
2021-02-17 20:00:00,337926.941453,0.0,337926.941453,0,-0.0035328004848638184,-1198.0609730000142,137926.941453,-0.002018393141402952,1.0912270772327801
2021-02-18 00:00:00,336728.807718,0.0,336728.807718,0,-0.0035455407309292752,-1198.1337349999812,136728.80771800003,0.019002942546184842,1.110230019778965
2021-02-18 04:00:00,336728.807718,0.0,336728.807718,0,0.0,0.0,136728.80771800003,-0.0004341960038241055,1.1097958237751409
2021-02-18 08:00:00,336728.807718,0.0,336728.807718,0,0.0,0.0,136728.80771800003,-0.001670577215414304,1.1081252465597267
2021-02-18 12:00:00,336728.807718,0.0,336728.807718,0,0.0,0.0,136728.80771800003,-0.0025115004735488666,1.1056137460861777
2021-02-18 16:00:00,336728.807718,0.0,336728.807718,0,0.0,0.0,136728.80771800003,-0.010170906840512361,1.0954428392456652
2021-02-18 20:00:00,336728.807718,0.0,336728.807718,0,0.0,0.0,136728.80771800003,0.004111412625084965,1.0995542518707502
2021-02-19 00:00:00,336728.807718,0.0,336728.807718,0,0.0,0.0,136728.80771800003,0.003387012072627593,1.1029412639433778
2021-02-19 04:00:00,336728.807718,0.0,336728.807718,0,0.0,0.0,136728.80771800003,-0.004007147602946848,1.098934116340431
2021-02-19 08:00:00,336728.807718,0.0,336728.807718,0,0.0,0.0,136728.80771800003,-0.005966721368078409,1.0929673949723524
2021-02-19 12:00:00,336728.807718,0.0,336728.807718,0,0.0,0.0,136728.80771800003,0.009407356815299028,1.1023747517876514
2021-02-19 16:00:00,336728.807718,0.0,336728.807718,0,0.0,0.0,136728.80771800003,0.01900203916401222,1.1213767909516636
2021-02-19 20:00:00,336728.807718,0.0,336728.807718,0,0.0,0.0,136728.80771800003,0.021878011762473948,1.1432548027141376
2021-02-20 00:00:00,336728.807718,0.0,336728.807718,0,0.0,0.0,136728.80771800003,0.020920038341583513,1.164174841055721
2021-02-20 04:00:00,336728.807718,0.0,336728.807718,0,0.0,0.0,136728.80771800003,0.016657389223969865,1.180832230279691
2021-02-20 08:00:00,336728.807718,0.0,336728.807718,0,0.0,0.0,136728.80771800003,-0.0035761814474296605,1.1772560488322612
2021-02-20 12:00:00,336728.807718,0.0,336728.807718,0,0.0,0.0,136728.80771800003,-0.008942472516908828,1.1683135763153523
2021-02-20 16:00:00,336728.807718,0.0,336728.807718,0,0.0,0.0,136728.80771800003,0.02079393681196473,1.189107513127317
2021-02-20 20:00:00,336728.807718,0.0,336728.807718,0,0.0,0.0,136728.80771800003,-0.00372525259551304,1.1853822605318038
2021-02-21 00:00:00,336728.807718,0.0,336728.807718,0,0.0,0.0,136728.80771800003,0.014767756261045983,1.2001500167928498
2021-02-21 04:00:00,345902.161085,0.0,345902.161085,0,0.027242555898818077,9173.353367000003,145902.16108500003,-0.019902195905862063,1.1802478208869878
2021-02-21 08:00:00,345902.161085,0.0,345902.161085,0,0.0,0.0,145902.16108500003,0.011891401311469263,1.192139222198457
2021-02-21 12:00:00,145902.186733,199800.17417800002,345702.36091100005,1,-0.0005776204848597644,-199.8001739999745,145702.36091100005,-0.007317200074612562,1.1848220221238446
2021-02-21 16:00:00,345502.739853,13073.522301,358576.262154,1,0.037239841836990806,12873.901242999942,158576.262154,0.021269255947754084,1.2060912780715987
2021-02-21 20:00:00,358562.950793,0.0,358562.950793,0,-3.712281711021337e-05,-13.311361000000034,158562.950793,0.0005097339101705067,1.2066010119817692
2021-02-22 00:00:00,358562.950793,0.0,358562.950793,0,0.0,0.0,158562.950793,0.013236384345253205,1.2198373963270224
2021-02-22 04:00:00,359713.452473,0.0,359713.452473,0,0.0032086462849982844,1150.5016799999867,159713.45247299998,-0.011434820746851093,1.2084025755801713
2021-02-22 08:00:00,359713.452473,0.0,359713.452473,0,0.0,0.0,159713.45247299998,-0.026972453764307236,1.181430121815864
2021-02-22 12:00:00,359713.452473,0.0,359713.452473,0,0.0,0.0,159713.45247299998,0.010075166326173335,1.1915052881420374
2021-02-22 16:00:00,359713.452473,0.0,359713.452473,0,0.0,0.0,159713.45247299998,-0.03363845756299033,1.1578668305790472
2021-02-22 20:00:00,359713.452473,0.0,359713.452473,0,0.0,0.0,159713.45247299998,-0.023626802707164885,1.1342400278718823
2021-02-23 00:00:00,359713.452473,0.0,359713.452473,0,0.0,0.0,159713.45247299998,0.006480493058452774,1.140720520930335
2021-02-23 04:00:00,359713.452473,0.0,359713.452473,0,0.0,0.0,159713.45247299998,0.009443151195865473,1.1501636721262005
2021-02-23 08:00:00,366616.483365,0.0,366616.483365,0,0.019190360673314366,6903.03089200001,166616.483365,-0.04032915450046193,1.1098345176257385
2021-02-23 12:00:00,366616.483365,0.0,366616.483365,0,0.0,0.0,166616.483365,-0.043656114587884765,1.0661784030378536
2021-02-23 16:00:00,366616.483365,0.0,366616.483365,0,0.0,0.0,166616.483365,-0.06589480770977951,1.000283595328074
2021-02-23 20:00:00,366616.483365,0.0,366616.483365,0,0.0,0.0,166616.483365,0.04815126563292216,1.0484348609609961
2021-02-24 00:00:00,366616.483365,0.0,366616.483365,0,0.0,0.0,166616.483365,-0.06335188056959762,0.9850829803913985
2021-02-24 04:00:00,365418.548727,0.0,365418.548727,0,-0.003267541674626062,-1197.934637999977,165418.54872700002,0.07398457922368906,1.0590675596150876
2021-02-24 08:00:00,365418.548727,0.0,365418.548727,0,0.0,0.0,165418.54872700002,0.04057986132417013,1.0996474209392577
2021-02-24 12:00:00,365418.548727,0.0,365418.548727,0,0.0,0.0,165418.54872700002,-0.01541857796925361,1.084228842970004
2021-02-24 16:00:00,365418.548727,0.0,365418.548727,0,0.0,0.0,165418.54872700002,0.005379256015653144,1.0896080989856571
2021-02-24 20:00:00,365418.548727,0.0,365418.548727,0,0.0,0.0,165418.54872700002,-0.010733117262463288,1.0788749817231937
2021-02-25 00:00:00,365418.548727,0.0,365418.548727,0,0.0,0.0,165418.54872700002,-0.01725368580575881,1.061621295917435
2021-02-25 04:00:00,365418.548727,0.0,365418.548727,0,0.0,0.0,165418.54872700002,0.014629718629091126,1.076251014546526
2021-02-25 08:00:00,365418.548727,0.0,365418.548727,0,0.0,0.0,165418.54872700002,0.01068459342703365,1.0869356079735597
2021-02-25 12:00:00,365418.548727,0.0,365418.548727,0,0.0,0.0,165418.54872700002,0.0037648159209766607,1.0907004238945364
2021-02-25 16:00:00,365418.548727,0.0,365418.548727,0,0.0,0.0,165418.54872700002,-0.0020078978506027356,1.0886925260439337
2021-02-25 20:00:00,365418.548727,0.0,365418.548727,0,0.0,0.0,165418.54872700002,0.011038715732043736,1.0997312417759775
2021-02-26 00:00:00,365418.548727,0.0,365418.548727,0,0.0,0.0,165418.54872700002,-0.02765251281268688,1.0720787289632905
2021-02-26 04:00:00,365418.548727,0.0,365418.548727,0,0.0,0.0,165418.54872700002,-0.04793578009483879,1.0241429488684517
2021-02-26 08:00:00,365418.548727,0.0,365418.548727,0,0.0,0.0,165418.54872700002,0.005449111425841924,1.0295920602942936
2021-02-26 12:00:00,365418.548727,0.0,365418.548727,0,0.0,0.0,165418.54872700002,-0.049789732737463344,0.9798023275568303
2021-02-26 16:00:00,364220.546941,0.0,364220.546941,0,-0.003278437260980538,-1198.001786000037,164220.54694099998,0.0323293535241056,1.0121316810809358
2021-02-26 20:00:00,363022.508626,0.0,363022.508626,0,-0.00328932105852342,-1198.0383149999543,163022.50862600002,0.025135883465994935,1.0372675645469307
2021-02-27 00:00:00,363564.484154,0.0,363564.484154,0,0.0014929529577967227,541.9755279999808,163564.484154,-0.013351920856650934,1.0239156436902799
2021-02-27 04:00:00,367279.297754,0.0,367279.297754,0,0.010217757129506788,3714.813599999994,167279.297754,-0.014529643517975255,1.0093860001723045
2021-02-27 08:00:00,366081.259389,0.0,366081.259389,0,-0.0032619272916449837,-1198.0383649999858,166081.259389,0.024768529072947132,1.0341545292452516
2021-02-27 12:00:00,365336.148689,0.0,365336.148689,0,-0.002035369691536837,-745.1107000000193,165336.148689,-0.005578507342838157,1.0285760219024134
2021-02-27 16:00:00,365456.210397,0.0,365456.210397,0,0.0003286335295065168,120.06170800002292,165456.21039700002,0.0029996694129355017,1.0315756913153489
2021-02-27 20:00:00,364258.26276,0.0,364258.26276,0,-0.0032779512371636788,-1197.9476370000048,164258.26276,-0.01630761444135609,1.0152680768739928
2021-02-28 00:00:00,363060.118505,0.0,363060.118505,0,-0.003289271315142228,-1198.144254999992,163060.11850500002,0.01884323289913481,1.0341113097731276
2021-02-28 04:00:00,368631.723612,0.0,368631.723612,0,0.015346232822108341,5571.605106999981,168631.723612,-0.027401103545398486,1.006710206227729
2021-02-28 08:00:00,168631.74842,199800.17501700003,368431.923437,1,-0.0005420048308437675,-199.80017499998212,168431.92343700002,-0.03204021651643818,0.9746699897112909
2021-02-28 12:00:00,168631.74842,197116.78467000002,365748.53309000004,1,-0.007283273181019068,-2683.3903469999786,165748.53309000004,-0.005116384642600225,0.9695536050686907
2021-02-28 16:00:00,168631.74842,200484.176478,369115.92489799997,1,0.009206849798004013,3367.3918079999276,169115.92489799997,0.019910213390154974,0.9894638184588457
2021-02-28 20:00:00,168631.74842,192266.592492,360898.340912,1,-0.022262881202621654,-8217.583985999983,160898.34091199999,-0.04181794975185971,0.947645868706986
2021-03-01 00:00:00,168631.74842,197532.925419,366164.673839,1,0.014592289101944544,5266.33292700001,166164.673839,0.023372974298439653,0.9710188430054256
2021-03-01 04:00:00,168631.74842,198814.830255,367446.578675,1,0.0035008970760614933,1281.9048360000015,167446.578675,0.016447128407136802,0.9874659714125624
2021-03-01 08:00:00,168631.74842,201259.059252,369890.807672,1,0.006651930209321311,2444.2289970000274,169890.80767200002,0.026602247535540524,1.014068218948103
2021-03-01 12:00:00,168631.74842,202206.138198,370837.886618,1,0.002560428446331642,947.0789459999651,170837.886618,-0.001040003781047183,1.0130282151670558
2021-03-01 16:00:00,168631.74842,206525.392179,375157.140599,1,0.011647283454209845,4319.253980999987,175157.14059899998,0.030992793408598063,1.0440210085756538
2021-03-01 20:00:00,168631.74842,210543.30285900002,379175.051279,1,0.010709940569396448,4017.91068000003,179175.051279,0.030702737770096356,1.0747237463457502
2021-03-02 00:00:00,168631.74842,207305.05818000002,375936.8066,1,-0.008540236674530743,-3238.244678999996,175936.8066,-0.01880885581849223,1.055914890527258
2021-03-02 04:00:00,168631.74842,213030.580899,381662.329319,1,0.015230013711033052,5725.5227190000005,181662.329319,0.027437263832228664,1.0833521543594866
2021-03-02 08:00:00,168631.74842,210466.77122700002,379098.519647,1,-0.006717481593152219,-2563.809672000003,179098.519647,-0.01234758363225219,1.0710045707272344
2021-03-02 12:00:00,168631.74842,207046.763922,375678.51234200003,1,-0.009021420891288434,-3420.0073049999774,175678.51234200003,-0.01313207316014886,1.0578724975670855
2021-03-02 16:00:00,168631.74842,211303.835952,379935.58437199995,1,0.011331688904593129,4257.072029999923,179935.58437199995,0.010604240164976853,1.0684767377320623
2021-03-02 20:00:00,168631.74842,211332.535314,379964.283734,1,7.553744155730513e-05,28.69936200004304,179964.283734,-0.0034405362527697436,1.0650362014792925
2021-03-03 00:00:00,168631.74842,205229.137662,373860.886082,1,-0.016063082540338947,-6103.397652000014,173860.88608199998,-0.024830471147224698,1.0402057303320678
2021-03-03 04:00:00,168631.74842,208405.20038999998,377036.94881,1,0.00849530626561279,3176.06272799999,177036.94880999997,0.02050290062048865,1.0607086309525564
2021-03-03 08:00:00,168631.74842,210246.742785,378878.49120499997,1,0.004884249145374886,1841.5423949999968,178878.49120499997,0.005452032538787233,1.0661606634913436
2021-03-03 12:00:00,168631.74842,212963.615721,381595.36414099997,1,0.007170829168367865,2716.8729359999998,181595.36414099997,0.021521925479547788,1.0876825889708914
2021-03-03 16:00:00,368232.102602,20670.328154000003,388902.430756,1,0.019148730046678608,7307.066615000018,188902.430756,0.03845720165047428,1.1261397906213657
2021-03-03 20:00:00,368232.102602,20196.394967,388428.497569,1,-0.0012186429024850787,-473.9331869999878,188428.497569,-0.017399532732439105,1.1087402578889267
2021-03-04 00:00:00,368232.102602,20102.328456,388334.431058,1,-0.0002421720125806992,-94.06651099998271,188334.43105800002,0.0017690500352982585,1.110509307924225
2021-03-04 04:00:00,368232.102602,20184.242834,388416.345436,1,0.00021093771617630708,81.91437799995765,188416.34543599997,-0.009984826131693825,1.1005244817925313
2021-03-04 08:00:00,368232.102602,19915.995750000002,388148.098352,1,-0.0006906173932995641,-268.24708399997326,188148.098352,-0.015382118981826398,1.0851423628107049
2021-03-04 12:00:00,368232.102602,20598.315514,388830.418116,1,0.0017578851136899054,682.3197640000144,188830.41811600002,0.002452854660897952,1.0875952174716028
2021-03-04 16:00:00,368232.102602,20294.962268,388527.06487,1,-0.0007801685049998452,-303.3532460000133,188527.06487,-0.007508981016566718,1.080086236455036
2021-03-04 20:00:00,389016.289401,0.0,389016.289401,0,0.0012591774814032508,489.2245310000144,189016.28940100002,0.0018100971305257119,1.0818963335855618
2021-03-05 00:00:00,389016.289401,0.0,389016.289401,0,0.0,0.0,189016.28940100002,-0.028580564471410108,1.0533157691141517
2021-03-05 04:00:00,387818.221224,0.0,387818.221224,0,-0.003079737814693617,-1198.0681770000374,187818.22122399998,0.007785983271792141,1.0611017523859438
2021-03-05 08:00:00,393289.848489,0.0,393289.848489,0,0.014108742100180205,5471.627265000017,193289.848489,-0.022414478494582557,1.0386872738913613
2021-03-05 12:00:00,396822.25258,0.0,396822.25258,0,0.008981681333935398,3532.404090999975,196822.25257999997,0.0019071761971554135,1.0405944500885167
2021-03-05 16:00:00,396461.845926,0.0,396461.845926,0,-0.0009082319644544423,-360.40665399999125,196461.84592599998,0.0020867454622204296,1.0426811955507371
2021-03-05 20:00:00,396461.845926,0.0,396461.845926,0,0.0,0.0,196461.84592599998,0.008184272287861782,1.050865467838599
2021-03-06 00:00:00,396461.845926,0.0,396461.845926,0,0.0,0.0,196461.84592599998,0.029832798697235985,1.080698266535835
2021-03-06 04:00:00,196461.848009,199800.197719,396262.045728,1,-0.0005039581993907527,-199.80019799998263,196262.045728,-0.01103062816928213,1.0696676383665529
2021-03-06 08:00:00,396062.233146,5815.5552,401877.788346,1,0.014171790305283816,5615.742618000018,201877.78834600002,-0.0019279323740644116,1.0677397059924885
2021-03-06 12:00:00,401903.976915,0.0,401903.976915,0,6.516550493573803e-05,26.18856899999082,201903.976915,0.0033375998710996058,1.071077305863588
2021-03-06 16:00:00,401903.976915,0.0,401903.976915,0,0.0,0.0,201903.976915,-0.013295952570374636,1.0577813532932134
2021-03-06 20:00:00,401903.976915,0.0,401903.976915,0,0.0,0.0,201903.976915,-0.018748413205369907,1.0390329400878435
2021-03-07 00:00:00,401903.976915,0.0,401903.976915,0,0.0,0.0,201903.976915,0.022703154869649467,1.061736094957493
2021-03-07 04:00:00,401903.976915,0.0,401903.976915,0,0.0,0.0,201903.976915,0.011195256367212636,1.0729313513247056
2021-03-07 08:00:00,401903.976915,0.0,401903.976915,0,0.0,0.0,201903.976915,0.013690873160373318,1.086622224485079
2021-03-07 12:00:00,401903.976915,0.0,401903.976915,0,0.0,0.0,201903.976915,0.010115548609687108,1.096737773094766
2021-03-07 16:00:00,401903.976915,0.0,401903.976915,0,0.0,0.0,201903.976915,0.013043057834265737,1.1097808309290318
2021-03-07 20:00:00,401903.976915,0.0,401903.976915,0,0.0,0.0,201903.976915,-0.002372325537732256,1.1074085053912994
2021-03-08 00:00:00,401903.976915,0.0,401903.976915,0,0.0,0.0,201903.976915,-0.004023901838540622,1.1033846035527588
2021-03-08 04:00:00,401903.976915,0.0,401903.976915,0,0.0,0.0,201903.976915,0.011711995312581935,1.1150965988653407
2021-03-08 08:00:00,401903.976915,0.0,401903.976915,0,0.0,0.0,201903.976915,-0.0073228798304944,1.1077737190348462
2021-03-08 12:00:00,401903.976915,0.0,401903.976915,0,0.0,0.0,201903.976915,-0.016665517093494286,1.0911082019413518
2021-03-08 16:00:00,401903.976915,0.0,401903.976915,0,0.0,0.0,201903.976915,0.014904560806057843,1.1060127627474097
2021-03-08 20:00:00,401903.976915,0.0,401903.976915,0,0.0,0.0,201903.976915,0.01105356733354701,1.1170663300809567
2021-03-09 00:00:00,401903.976915,0.0,401903.976915,0,0.0,0.0,201903.976915,0.0050108716111785245,1.1220772016921352
2021-03-09 04:00:00,401903.976915,0.0,401903.976915,0,0.0,0.0,201903.976915,0.02074318827880739,1.1428203899709426
2021-03-09 08:00:00,401903.976915,0.0,401903.976915,0,0.0,0.0,201903.976915,0.027979861449614507,1.170800251420557
2021-03-09 12:00:00,401903.976915,0.0,401903.976915,0,0.0,0.0,201903.976915,-0.005455360655207908,1.1653448907653492
2021-03-09 16:00:00,401903.976915,0.0,401903.976915,0,0.0,0.0,201903.976915,0.012819042745705111,1.1781639335110543
2021-03-09 20:00:00,401903.976915,0.0,401903.976915,0,0.0,0.0,201903.976915,-0.002513215123101542,1.1756507183879528
2021-03-10 00:00:00,401903.976915,0.0,401903.976915,0,0.0,0.0,201903.976915,0.00021757205849803896,1.1758682904464508
2021-03-10 04:00:00,401903.976915,0.0,401903.976915,0,0.0,0.0,201903.976915,0.014336118031839096,1.19020440847829
2021-03-10 08:00:00,401903.976915,0.0,401903.976915,0,0.0,0.0,201903.976915,-0.02581238783263029,1.1643920206456597
2021-03-10 12:00:00,401903.976915,0.0,401903.976915,0,0.0,0.0,201903.976915,0.013196353693250895,1.1775883743389106
2021-03-10 16:00:00,401903.976915,0.0,401903.976915,0,0.0,0.0,201903.976915,0.012646248028090668,1.1902346223670013
2021-03-10 20:00:00,401903.976915,0.0,401903.976915,0,0.0,0.0,201903.976915,0.02680242449342818,1.2170370468604295
2021-03-11 00:00:00,401903.976915,0.0,401903.976915,0,0.0,0.0,201903.976915,0.007289165171428413,1.2243262120318579
2021-03-11 04:00:00,401903.976915,0.0,401903.976915,0,0.0,0.0,201903.976915,-0.015647151714681562,1.2086790603171762
2021-03-11 08:00:00,401903.976915,0.0,401903.976915,0,0.0,0.0,201903.976915,0.002524726690860568,1.2112037870080368
2021-03-11 12:00:00,401903.976915,0.0,401903.976915,0,0.0,0.0,201903.976915,-0.017116547543782556,1.1940872394642543
2021-03-11 16:00:00,401903.976915,0.0,401903.976915,0,0.0,0.0,201903.976915,0.02167997354372364,1.215767213007978
2021-03-11 20:00:00,401903.976915,0.0,401903.976915,0,0.0,0.0,201903.976915,0.0021315253398082046,1.2178987383477862
2021-03-12 00:00:00,401903.976915,0.0,401903.976915,0,0.0,0.0,201903.976915,0.008530150305631867,1.226428888653418
