code,id,price,stop_price,updated_at,asset_type,order_type,currency,quantity,pnl,pnl_net,exit_at,exit_price
BTC/USDT,1,28355.01,,2020-12-31 21:00:00+08:00,Crypto,OrderType.MARKET,USD,1.96594,322.88598560000315,-55.744248,2020-12-31 22:00:00+08:00,28519.25
BTC/USDT,4,28371.51,,2020-12-31 22:30:00+08:00,Crypto,OrderType.MARKET,USD,1.972229,1489.4273408000015,-55.955115,2021-01-01 05:00:00+08:00,29126.71
BTC/USDT,7,29033.9,,2021-01-01 16:00:00+08:00,Crypto,OrderType.MARKET,USD,1.97458,332.3415597999954,-57.329758,2021-01-01 17:30:00+08:00,29202.21
BTC/USDT,10,29055.08,,2021-01-02 03:00:00+08:00,Crypto,OrderType.MARKET,USD,1.980614,711.1988751199963,-57.546898,2021-01-02 10:00:00+08:00,29414.16
BTC/USDT,13,31615.18,,2021-01-03 05:00:00+08:00,Crypto,OrderType.MARKET,USD,1.75754,3176.5777960000028,-58.141675,2021-01-04 00:30:00+08:00,33422.58
BTC/USDT,13,31615.18,,2021-01-03 05:00:00+08:00,Crypto,OrderType.MARKET,USD,0.08150299999999988,105.32877198999999,-58.141675,2021-01-04 02:00:00+08:00,32907.51
BTC/USDT,14,31615.18,30350.5728,2021-01-03 05:00:00+08:00,Crypto,OrderType.STOP,USD,1.6906850000000002,2184.9229460500032,-58.141675,2021-01-04 02:00:00+08:00,32907.51
BTC/USDT,14,31615.18,30350.5728,2021-01-03 05:00:00+08:00,Crypto,OrderType.STOP,USD,0.14835799999999977,272.8348127399994,-58.141675,2021-01-04 11:00:00+08:00,33454.21
BTC/USDT,15,33015.19,,2021-01-03 23:00:00+08:00,Crypto,OrderType.MARKET,USD,1.6277230000000003,714.6029514599949,-58.025517,2021-01-04 11:00:00+08:00,33454.21
BTC/USDT,15,33015.19,,2021-01-03 23:00:00+08:00,Crypto,OrderType.MARKET,USD,0.12981699999999985,-125.92768267999996,-58.025517,2021-01-04 17:00:00+08:00,32045.15
BTC/USDT,18,33080.11,,2021-01-04 01:00:00+08:00,Crypto,OrderType.MARKET,USD,1.7206560000000002,-1780.8101337599987,-58.624174,2021-01-04 17:00:00+08:00,32045.15
BTC/USDT,18,33080.11,,2021-01-04 01:00:00+08:00,Crypto,OrderType.MARKET,USD,0.05153199999999991,-105.21597631999992,-58.624174,2021-01-04 18:00:00+08:00,31038.35
BTC/USDT,21,32769.76,,2021-01-04 02:30:00+08:00,Crypto,OrderType.MARKET,USD,1.776081,-3075.124404210006,-58.201748,2021-01-04 18:00:00+08:00,31038.35
BTC/USDT,24,32045.14,,2021-01-04 16:30:00+08:00,Crypto,OrderType.MARKET,USD,0.07905000000000006,-79.58674950000014,-59.298666,2021-01-04 18:00:00+08:00,31038.35
BTC/USDT,24,32045.14,,2021-01-04 16:30:00+08:00,Crypto,OrderType.MARKET,USD,1.771423,-1283.9982473200002,-59.298666,2021-01-05 01:00:00+08:00,31320.3
BTC/USDT,27,31038.63,,2021-01-04 17:30:00+08:00,Crypto,OrderType.MARKET,USD,0.17949499999999996,50.55835664999967,-59.180207,2021-01-05 01:00:00+08:00,31320.3
BTC/USDT,27,31038.63,,2021-01-04 17:30:00+08:00,Crypto,OrderType.MARKET,USD,1.727168,2219.445423360001,-59.180207,2021-01-05 08:00:00+08:00,32323.65
BTC/USDT,30,30270.76,,2021-01-04 18:30:00+08:00,Crypto,OrderType.MARKET,USD,0.23906399999999994,490.77209496000063,-59.061461,2021-01-05 08:00:00+08:00,32323.65
BTC/USDT,30,30270.76,,2021-01-04 18:30:00+08:00,Crypto,OrderType.MARKET,USD,1.712042,2613.1239454400056,-59.061461,2021-01-05 20:30:00+08:00,31797.08
BTC/USDT,31,30270.76,29059.9296,2021-01-04 18:30:00+08:00,Crypto,OrderType.STOP,USD,0.36537399999999987,557.677643680001,-59.061461,2021-01-05 20:30:00+08:00,31797.08
BTC/USDT,31,30270.76,29059.9296,2021-01-04 18:30:00+08:00,Crypto,OrderType.STOP,USD,1.5857320000000001,3284.9548392400056,-59.061461,2021-01-05 22:30:00+08:00,32342.33
BTC/USDT,32,30213.19,,2021-01-04 19:00:00+08:00,Crypto,OrderType.MARKET,USD,0.5059199999999997,1077.174508800001,-58.943456,2021-01-05 22:30:00+08:00,32342.33
BTC/USDT,32,30213.19,,2021-01-04 19:00:00+08:00,Crypto,OrderType.MARKET,USD,1.4449980000000002,8384.87544462,-58.943456,2021-01-07 04:30:00+08:00,36015.88
BTC/USDT,35,31014.27,,2021-01-05 05:30:00+08:00,Crypto,OrderType.MARKET,USD,0.47189499999999973,2360.2347509499973,-60.98125,2021-01-07 04:30:00+08:00,36015.88
BTC/USDT,35,31014.27,,2021-01-05 05:30:00+08:00,Crypto,OrderType.MARKET,USD,1.4943370000000002,10173.177315339995,-60.98125,2021-01-07 19:30:00+08:00,37822.09
BTC/USDT,38,30532.55,,2021-01-05 14:00:00+08:00,Crypto,OrderType.MARKET,USD,0.36128099999999974,2633.572300739997,-63.428808,2021-01-07 19:30:00+08:00,37822.09
BTC/USDT,38,30532.55,,2021-01-05 14:00:00+08:00,Crypto,OrderType.MARKET,USD,1.7161350000000002,13984.49237205,-63.428808,2021-01-08 10:00:00+08:00,38681.38
BTC/USDT,41,31517.56,,2021-01-05 22:00:00+08:00,Crypto,OrderType.MARKET,USD,0.07481899999999975,535.9898485799979,-65.923767,2021-01-08 10:00:00+08:00,38681.38
BTC/USDT,41,31517.56,,2021-01-05 22:00:00+08:00,Crypto,OrderType.MARKET,USD,1.859466,14579.663823479992,-65.923767,2021-01-08 17:30:00+08:00,39358.34
BTC/USDT,41,31517.56,,2021-01-05 22:00:00+08:00,Crypto,OrderType.MARKET,USD,0.15736700000000003,1392.3092535099995,-65.923767,2021-01-09 04:00:00+08:00,40365.09
BTC/USDT,44,35220.4,,2021-01-07 04:00:00+08:00,Crypto,OrderType.MARKET,USD,1.672256,8603.23872063999,-67.513738,2021-01-09 04:00:00+08:00,40365.09
BTC/USDT,44,35220.4,,2021-01-07 04:00:00+08:00,Crypto,OrderType.MARKET,USD,0.244637,1222.5734075,-67.513738,2021-01-09 11:30:00+08:00,40217.9
BTC/USDT,47,37130.84,,2021-01-07 14:30:00+08:00,Crypto,OrderType.MARKET,USD,1.642382,5070.131776920008,-68.900655,2021-01-09 11:30:00+08:00,40217.9
BTC/USDT,47,37130.84,,2021-01-07 14:30:00+08:00,Crypto,OrderType.MARKET,USD,0.21323599999999998,436.813946,-68.900655,2021-01-09 14:30:00+08:00,39179.34
BTC/USDT,50,39109.38,,2021-01-08 04:30:00+08:00,Crypto,OrderType.MARKET,USD,1.714225,119.92718099999851,-70.043101,2021-01-09 14:30:00+08:00,39179.34
BTC/USDT,50,39109.38,,2021-01-08 04:30:00+08:00,Crypto,OrderType.MARKET,USD,0.07672899999999983,149.71209021999968,-70.043101,2021-01-09 19:00:00+08:00,41060.56
BTC/USDT,53,37181.74,,2021-01-08 10:30:00+08:00,Crypto,OrderType.MARKET,USD,1.83692,7125.0820344,-69.138181,2021-01-09 19:00:00+08:00,41060.56
BTC/USDT,53,37181.74,,2021-01-08 10:30:00+08:00,Crypto,OrderType.MARKET,USD,0.022545999999999955,48.34606417999994,-69.138181,2021-01-10 19:30:00+08:00,39326.07
BTC/USDT,56,39920.39,,2021-01-09 02:30:00+08:00,Crypto,OrderType.MARKET,USD,1.829623,-1087.3815413599996,-73.039264,2021-01-10 19:30:00+08:00,39326.07
BTC/USDT,59,39059.15,,2021-01-09 04:30:00+08:00,Crypto,OrderType.MARKET,USD,0.14274600000000004,38.101762319999764,-73.705358,2021-01-10 19:30:00+08:00,39326.07
BTC/USDT,59,39059.15,,2021-01-09 04:30:00+08:00,Crypto,OrderType.MARKET,USD,1.744273,302.823235530001,-73.705358,2021-01-11 01:00:00+08:00,39232.76
BTC/USDT,62,39295.37,,2021-01-09 13:30:00+08:00,Crypto,OrderType.MARKET,USD,0.222904,-13.95601944000013,-75.740293,2021-01-11 01:00:00+08:00,39232.76
BTC/USDT,62,39295.37,,2021-01-09 13:30:00+08:00,Crypto,OrderType.MARKET,USD,1.704557,-1233.1106249400095,-75.740293,2021-01-11 02:00:00+08:00,38571.95
BTC/USDT,65,39383.27,,2021-01-09 15:00:00+08:00,Crypto,OrderType.MARKET,USD,0.29232899999999984,-237.17236427999978,-75.365755,2021-01-11 02:00:00+08:00,38571.95
BTC/USDT,65,39383.27,,2021-01-09 15:00:00+08:00,Crypto,OrderType.MARKET,USD,1.62132,-1835.6909303999903,-75.365755,2021-01-11 03:30:00+08:00,38251.05
BTC/USDT,68,39309.2,,2021-01-10 19:00:00+08:00,Crypto,OrderType.MARKET,USD,0.38829500000000006,-410.8743542499978,-78.418513,2021-01-11 03:30:00+08:00,38251.05
BTC/USDT,68,39309.2,,2021-01-10 19:00:00+08:00,Crypto,OrderType.MARKET,USD,1.60662,-804.5631635999981,-78.418513,2021-01-11 06:00:00+08:00,38808.42
BTC/USDT,71,39800.9,,2021-01-10 21:30:00+08:00,Crypto,OrderType.MARKET,USD,0.5283739999999999,-524.4006275200015,-78.295415,2021-01-11 06:00:00+08:00,38808.42
BTC/USDT,71,39800.9,,2021-01-10 21:30:00+08:00,Crypto,OrderType.MARKET,USD,1.438803,-7868.238085799998,-78.295415,2021-01-11 14:30:00+08:00,34332.3
BTC/USDT,74,38571.86,,2021-01-11 01:30:00+08:00,Crypto,OrderType.MARKET,USD,0.9405899999999998,-3987.687740399997,-77.023607,2021-01-11 14:30:00+08:00,34332.3
BTC/USDT,74,38571.86,,2021-01-11 01:30:00+08:00,Crypto,OrderType.MARKET,USD,1.0562960000000001,-3318.734150560001,-77.023607,2021-01-11 16:30:00+08:00,35430.0
BTC/USDT,77,38251.04,,2021-01-11 03:00:00+08:00,Crypto,OrderType.MARKET,USD,1.3606729999999998,-3838.5129599200004,-76.869864,2021-01-11 16:30:00+08:00,35430.0
BTC/USDT,77,38251.04,,2021-01-11 03:00:00+08:00,Crypto,OrderType.MARKET,USD,0.6489420000000004,-3628.390468080003,-76.869864,2021-01-11 23:30:00+08:00,32659.8
BTC/USDT,80,35932.8,,2021-01-11 04:00:00+08:00,Crypto,OrderType.MARKET,USD,1.9682459999999997,-6442.069158000007,-76.716312,2021-01-11 23:30:00+08:00,32659.8
BTC/USDT,80,35932.8,,2021-01-11 04:00:00+08:00,Crypto,OrderType.MARKET,USD,0.16674800000000012,-250.4888456000009,-76.716312,2021-01-12 05:30:00+08:00,34430.6
BTC/USDT,83,35438.23,,2021-01-11 11:30:00+08:00,Crypto,OrderType.MARKET,USD,2.333361,-2351.1645444300107,-82.690184,2021-01-12 05:30:00+08:00,34430.6
BTC/USDT,84,35438.23,34020.7008,2021-01-11 11:30:00+08:00,Crypto,OrderType.STOP,USD,0.23849799999999988,-240.31773974000097,-82.690184,2021-01-12 05:30:00+08:00,34430.6
BTC/USDT,84,35438.23,34020.7008,2021-01-11 11:30:00+08:00,Crypto,OrderType.STOP,USD,2.094863,-994.7875928100055,-82.690184,2021-01-12 11:00:00+08:00,34963.36
BTC/USDT,85,34683.21,,2021-01-11 12:00:00+08:00,Crypto,OrderType.MARKET,USD,0.5991979999999999,167.86531970000084,-82.524987,2021-01-12 11:00:00+08:00,34963.36
BTC/USDT,85,34683.21,,2021-01-11 12:00:00+08:00,Crypto,OrderType.MARKET,USD,1.780195,587.01930125,-82.524987,2021-01-12 21:00:00+08:00,35012.96
BTC/USDT,88,33731.02,,2021-01-11 15:00:00+08:00,Crypto,OrderType.MARKET,USD,0.8991030000000002,1152.5960998200023,-81.52683,2021-01-12 21:00:00+08:00,35012.96
BTC/USDT,88,33731.02,,2021-01-11 15:00:00+08:00,Crypto,OrderType.MARKET,USD,1.5178659999999997,-675.480727319995,-81.52683,2021-01-12 22:00:00+08:00,33286.0
BTC/USDT,91,32654.17,,2021-01-11 23:00:00+08:00,Crypto,OrderType.MARKET,USD,1.2943820000000001,817.8293790600023,-85.462102,2021-01-12 22:00:00+08:00,33286.0
BTC/USDT,91,32654.17,,2021-01-11 23:00:00+08:00,Crypto,OrderType.MARKET,USD,1.322806,1845.2879138800042,-85.462102,2021-01-13 08:00:00+08:00,34049.15
BTC/USDT,94,31149.43,,2021-01-12 00:00:00+08:00,Crypto,OrderType.MARKET,USD,1.472028,4268.469032160001,-85.306047,2021-01-13 08:00:00+08:00,34049.15
BTC/USDT,94,31149.43,,2021-01-12 00:00:00+08:00,Crypto,OrderType.MARKET,USD,1.2665790000000001,1837.312163190001,-85.306047,2021-01-13 09:00:00+08:00,32600.04
BTC/USDT,97,34929.98,,2021-01-12 08:30:00+08:00,Crypto,OrderType.MARKET,USD,1.6532429999999998,-3851.9569954200033,-94.103497,2021-01-13 09:00:00+08:00,32600.04
BTC/USDT,97,34929.98,,2021-01-12 08:30:00+08:00,Crypto,OrderType.MARKET,USD,1.0408180000000002,-1052.5896515800055,-94.103497,2021-01-13 11:30:00+08:00,33918.67
BTC/USDT,100,35085.77,,2021-01-12 18:30:00+08:00,Crypto,OrderType.MARKET,USD,1.8270709999999997,-2132.374564099997,-94.005233,2021-01-13 11:30:00+08:00,33918.67
BTC/USDT,100,35085.77,,2021-01-12 18:30:00+08:00,Crypto,OrderType.MARKET,USD,0.8522270000000005,3884.2290869800067,-94.005233,2021-01-15 03:00:00+08:00,39643.51
BTC/USDT,103,33291.06,,2021-01-12 21:30:00+08:00,Crypto,OrderType.MARKET,USD,1.5877799999999995,10086.293061000004,-93.622717,2021-01-15 03:00:00+08:00,39643.51
BTC/USDT,103,33291.06,,2021-01-12 21:30:00+08:00,Crypto,OrderType.MARKET,USD,1.2244680000000003,6673.1179510800075,-93.622717,2021-01-15 13:30:00+08:00,38740.87
BTC/USDT,106,33426.47,,2021-01-12 22:30:00+08:00,Crypto,OrderType.MARKET,USD,1.2648569999999997,6721.9560408,-93.421435,2021-01-15 13:30:00+08:00,38740.87
BTC/USDT,106,33426.47,,2021-01-12 22:30:00+08:00,Crypto,OrderType.MARKET,USD,1.5299770000000001,8033.557332289995,-93.421435,2021-01-15 18:00:00+08:00,38677.24
BTC/USDT,109,32526.5,,2021-01-13 08:30:00+08:00,Crypto,OrderType.MARKET,USD,0.99993,6150.309448199998,-94.97159,2021-01-15 18:00:00+08:00,38677.24
BTC/USDT,109,32526.5,,2021-01-13 08:30:00+08:00,Crypto,OrderType.MARKET,USD,1.919892,10068.18243288,-94.97159,2021-01-15 21:00:00+08:00,37770.64
BTC/USDT,112,33124.06,,2021-01-13 09:30:00+08:00,Crypto,OrderType.MARKET,USD,0.6893210000000001,3202.9851721800014,-94.996127,2021-01-15 21:00:00+08:00,37770.64
BTC/USDT,112,33124.06,,2021-01-13 09:30:00+08:00,Crypto,OrderType.MARKET,USD,2.178568,8902.151704320011,-94.996127,2021-01-15 22:30:00+08:00,37210.3
BTC/USDT,115,39787.03,,2021-01-15 01:00:00+08:00,Crypto,OrderType.MARKET,USD,0.4646440000000003,-1197.2621341199988,-97.080632,2021-01-15 22:30:00+08:00,37210.3
BTC/USDT,115,39787.03,,2021-01-15 01:00:00+08:00,Crypto,OrderType.MARKET,USD,1.9753629999999998,-5886.779276299996,-97.080632,2021-01-15 23:30:00+08:00,36806.93
BTC/USDT,118,38780.47,,2021-01-15 05:30:00+08:00,Crypto,OrderType.MARKET,USD,0.6914770000000003,-1364.6575185800014,-96.537193,2021-01-15 23:30:00+08:00,36806.93
BTC/USDT,118,38780.47,,2021-01-15 05:30:00+08:00,Crypto,OrderType.MARKET,USD,1.7978479999999997,-2851.872346960007,-96.537193,2021-01-16 08:00:00+08:00,37194.2
BTC/USDT,121,38043.27,,2021-01-15 14:30:00+08:00,Crypto,OrderType.MARKET,USD,0.9065340000000002,-769.7108233799999,-96.245935,2021-01-16 08:00:00+08:00,37194.2
BTC/USDT,121,38043.27,,2021-01-15 14:30:00+08:00,Crypto,OrderType.MARKET,USD,1.623373,-1113.8286827599925,-96.245935,2021-01-16 20:30:00+08:00,37357.15
BTC/USDT,124,37426.73,,2021-01-15 20:00:00+08:00,Crypto,OrderType.MARKET,USD,1.050204,-73.07319432000183,-97.65431,2021-01-16 20:30:00+08:00,37357.15
BTC/USDT,124,37426.73,,2021-01-15 20:00:00+08:00,Crypto,OrderType.MARKET,USD,1.559009,-540.1030779600037,-97.65431,2021-01-17 02:30:00+08:00,37080.29
BTC/USDT,127,37210.31,,2021-01-15 22:00:00+08:00,Crypto,OrderType.MARKET,USD,1.118182,-145.3860236399964,-98.354738,2021-01-17 02:30:00+08:00,37080.29
BTC/USDT,127,37210.31,,2021-01-15 22:00:00+08:00,Crypto,OrderType.MARKET,USD,1.52503,-1982.905007199997,-98.354738,2021-01-17 06:00:00+08:00,35910.07
BTC/USDT,130,36806.93,,2021-01-15 23:00:00+08:00,Crypto,OrderType.MARKET,USD,1.232777,-1105.6283802200007,-98.158193,2021-01-17 06:00:00+08:00,35910.07
BTC/USDT,130,36806.93,,2021-01-15 23:00:00+08:00,Crypto,OrderType.MARKET,USD,1.434063,-1564.706139299998,-98.158193,2021-01-17 13:30:00+08:00,35715.83
BTC/USDT,133,36000.0,,2021-01-16 00:00:00+08:00,Crypto,OrderType.MARKET,USD,1.3021530000000001,-370.03281800999775,-97.962084,2021-01-17 13:30:00+08:00,35715.83
BTC/USDT,133,36000.0,,2021-01-16 00:00:00+08:00,Crypto,OrderType.MARKET,USD,1.419016,-1063.552492,-97.962084,2021-01-17 15:30:00+08:00,35250.5
BTC/USDT,134,36000.0,34560.0,2021-01-16 00:00:00+08:00,Crypto,OrderType.STOP,USD,1.3552179999999998,-1015.7358909999998,-97.962084,2021-01-17 15:30:00+08:00,35250.5
BTC/USDT,134,36000.0,34560.0,2021-01-16 00:00:00+08:00,Crypto,OrderType.STOP,USD,1.3659510000000004,-1535.629433220002,-97.962084,2021-01-17 17:30:00+08:00,34875.78
BTC/USDT,135,36151.09,,2021-01-16 00:30:00+08:00,Crypto,OrderType.MARKET,USD,1.4432339999999995,-1840.570752539996,-97.766357,2021-01-17 17:30:00+08:00,34875.78
BTC/USDT,135,36151.09,,2021-01-16 00:30:00+08:00,Crypto,OrderType.MARKET,USD,1.2611480000000004,-395.9878605199975,-97.766357,2021-01-17 23:00:00+08:00,35837.1
BTC/USDT,138,37547.57,,2021-01-16 19:00:00+08:00,Crypto,OrderType.MARKET,USD,1.5590659999999996,-2666.735621020001,-100.38632,2021-01-17 23:00:00+08:00,35837.1
BTC/USDT,138,37547.57,,2021-01-16 19:00:00+08:00,Crypto,OrderType.MARKET,USD,1.1145110000000003,-1084.352332340003,-100.38632,2021-01-18 18:00:00+08:00,36574.63
BTC/USDT,141,37232.19,,2021-01-16 22:30:00+08:00,Crypto,OrderType.MARKET,USD,1.7491009999999996,-1150.1388535600083,-99.677684,2021-01-18 18:00:00+08:00,36574.63
BTC/USDT,141,37232.19,,2021-01-16 22:30:00+08:00,Crypto,OrderType.MARKET,USD,0.9280900000000005,-565.8843157000033,-99.677684,2021-01-19 08:00:00+08:00,36622.46
BTC/USDT,144,35924.44,,2021-01-17 05:30:00+08:00,Crypto,OrderType.MARKET,USD,1.9852599999999994,1385.7511851999932,-99.072672,2021-01-19 08:00:00+08:00,36622.46
BTC/USDT,144,35924.44,,2021-01-17 05:30:00+08:00,Crypto,OrderType.MARKET,USD,0.7725470000000008,836.9851452699979,-99.072672,2021-01-20 02:30:00+08:00,37007.85
BTC/USDT,147,36121.12,,2021-01-17 06:30:00+08:00,Crypto,OrderType.MARKET,USD,2.0927379999999993,1855.693566739991,-98.835186,2021-01-20 02:30:00+08:00,37007.85
BTC/USDT,147,36121.12,,2021-01-17 06:30:00+08:00,Crypto,OrderType.MARKET,USD,0.6434780000000009,123.69577593999755,-98.835186,2021-01-20 07:30:00+08:00,36313.35
BTC/USDT,150,35155.99,,2021-01-17 14:00:00+08:00,Crypto,OrderType.MARKET,USD,2.270771999999999,2628.10068192,-97.530943,2021-01-20 07:30:00+08:00,36313.35
BTC/USDT,150,35155.99,,2021-01-17 14:00:00+08:00,Crypto,OrderType.MARKET,USD,0.5034620000000007,465.65703842000244,-97.530943,2021-01-20 11:00:00+08:00,36080.9
BTC/USDT,153,34742.37,,2021-01-17 16:00:00+08:00,Crypto,OrderType.MARKET,USD,2.417245999999999,3235.556288379996,-97.597745,2021-01-20 11:00:00+08:00,36080.9
BTC/USDT,153,34742.37,,2021-01-17 16:00:00+08:00,Crypto,OrderType.MARKET,USD,0.3919390000000007,195.04060456999932,-97.597745,2021-01-20 12:00:00+08:00,35240.0
BTC/USDT,156,34669.98,,2021-01-17 18:00:00+08:00,Crypto,OrderType.MARKET,USD,2.6075979999999994,1486.3830119599913,-97.776763,2021-01-20 12:00:00+08:00,35240.0
BTC/USDT,156,34669.98,,2021-01-17 18:00:00+08:00,Crypto,OrderType.MARKET,USD,0.21261600000000058,134.42008751999907,-97.776763,2021-01-20 17:30:00+08:00,35302.2
BTC/USDT,159,35223.48,,2021-01-18 12:00:00+08:00,Crypto,OrderType.MARKET,USD,2.7799629999999995,218.83868735998297,-100.86638,2021-01-20 17:30:00+08:00,35302.2
BTC/USDT,159,35223.48,,2021-01-18 12:00:00+08:00,Crypto,OrderType.MARKET,USD,0.0836490000000003,-10.226090250000038,-100.86638,2021-01-20 22:30:00+08:00,35101.23
BTC/USDT,162,35878.38,,2021-01-19 03:00:00+08:00,Crypto,OrderType.MARKET,USD,2.91335,-2264.109952499983,-104.526278,2021-01-20 22:30:00+08:00,35101.23
BTC/USDT,165,37162.4,,2021-01-20 01:30:00+08:00,Crypto,OrderType.MARKET,USD,0.0862099999999999,-177.69346569999965,-106.480867,2021-01-20 22:30:00+08:00,35101.23
BTC/USDT,165,37162.4,,2021-01-20 01:30:00+08:00,Crypto,OrderType.MARKET,USD,2.779075,-5313.619190750006,-106.480867,2021-01-21 03:00:00+08:00,35250.39
BTC/USDT,168,36313.35,,2021-01-20 07:00:00+08:00,Crypto,OrderType.MARKET,USD,0.3512939999999998,-373.41147023999946,-105.82618,2021-01-21 03:00:00+08:00,35250.39
BTC/USDT,168,36313.35,,2021-01-20 07:00:00+08:00,Crypto,OrderType.MARKET,USD,2.5629560000000002,-3643.8570634399953,-105.82618,2021-01-21 15:30:00+08:00,34891.61
BTC/USDT,171,36160.66,,2021-01-20 08:00:00+08:00,Crypto,OrderType.MARKET,USD,0.6165529999999997,-782.4365846500014,-105.614729,2021-01-21 15:30:00+08:00,34891.61
BTC/USDT,171,36160.66,,2021-01-20 08:00:00+08:00,Crypto,OrderType.MARKET,USD,2.304155,-6734.860732600013,-105.614729,2021-01-21 17:00:00+08:00,33237.74
BTC/USDT,174,35062.49,,2021-01-20 11:30:00+08:00,Crypto,OrderType.MARKET,USD,1.0267679999999997,-1873.5949079999994,-105.171236,2021-01-21 17:00:00+08:00,33237.74
BTC/USDT,174,35062.49,,2021-01-20 11:30:00+08:00,Crypto,OrderType.MARKET,USD,1.9727690000000004,-4305.390793289994,-105.171236,2021-01-21 18:00:00+08:00,32880.08
BTC/USDT,177,35251.36,,2021-01-20 12:30:00+08:00,Crypto,OrderType.MARKET,USD,1.3878379999999995,-3290.952492639997,-105.49248,2021-01-21 18:00:00+08:00,32880.08
BTC/USDT,177,35251.36,,2021-01-20 12:30:00+08:00,Crypto,OrderType.MARKET,USD,1.6047410000000006,-4885.585832270004,-105.49248,2021-01-21 20:00:00+08:00,32206.89
BTC/USDT,180,34196.04,,2021-01-20 19:00:00+08:00,Crypto,OrderType.MARKET,USD,1.7546129999999995,-3490.1884489500017,-105.433538,2021-01-21 20:00:00+08:00,32206.89
BTC/USDT,180,34196.04,,2021-01-20 19:00:00+08:00,Crypto,OrderType.MARKET,USD,1.3285960000000006,-2162.4361355600017,-105.433538,2021-01-22 03:30:00+08:00,32568.43
BTC/USDT,183,34503.34,,2021-01-20 23:00:00+08:00,Crypto,OrderType.MARKET,USD,1.9963319999999993,-3862.7227501199914,-108.008186,2021-01-22 03:30:00+08:00,32568.43
BTC/USDT,183,34503.34,,2021-01-20 23:00:00+08:00,Crypto,OrderType.MARKET,USD,1.1340370000000006,-3718.0877293099993,-108.008186,2021-01-22 06:00:00+08:00,31224.71
BTC/USDT,186,34636.25,,2021-01-21 14:00:00+08:00,Crypto,OrderType.MARKET,USD,2.2505509999999993,-7677.84475854,-110.126269,2021-01-22 06:00:00+08:00,31224.71
BTC/USDT,186,34636.25,,2021-01-21 14:00:00+08:00,Crypto,OrderType.MARKET,USD,0.9289580000000006,-4555.600742420004,-110.126269,2021-01-22 08:30:00+08:00,29732.26
BTC/USDT,189,33239.0,,2021-01-21 16:30:00+08:00,Crypto,OrderType.MARKET,USD,2.6182439999999993,-9181.500964560002,-110.71655,2021-01-22 08:30:00+08:00,29732.26
BTC/USDT,189,33239.0,,2021-01-21 16:30:00+08:00,Crypto,OrderType.MARKET,USD,0.7126790000000005,-1208.988655600002,-110.71655,2021-01-22 15:00:00+08:00,31542.6
BTC/USDT,192,32878.33,,2021-01-21 17:30:00+08:00,Crypto,OrderType.MARKET,USD,2.8551359999999995,-3813.6908092800086,-110.491146,2021-01-22 15:00:00+08:00,31542.6
BTC/USDT,192,32878.33,,2021-01-21 17:30:00+08:00,Crypto,OrderType.MARKET,USD,0.5054710000000004,-269.9012951600016,-110.491146,2021-01-23 19:00:00+08:00,32344.37
BTC/USDT,195,32826.62,,2021-01-21 18:30:00+08:00,Crypto,OrderType.MARKET,USD,2.9752669999999997,-1434.8225107500107,-110.276237,2021-01-23 19:00:00+08:00,32344.37
BTC/USDT,195,32826.62,,2021-01-21 18:30:00+08:00,Crypto,OrderType.MARKET,USD,0.3840870000000005,-183.5282912100009,-110.276237,2021-01-24 03:30:00+08:00,32348.79
BTC/USDT,198,32475.34,,2021-01-21 20:30:00+08:00,Crypto,OrderType.MARKET,USD,3.1712289999999994,-401.3190299499976,-107.978167,2021-01-24 03:30:00+08:00,32348.79
BTC/USDT,198,32475.34,,2021-01-21 20:30:00+08:00,Crypto,OrderType.MARKET,USD,0.15369900000000047,-36.83396535000034,-107.978167,2021-01-24 22:00:00+08:00,32235.69
BTC/USDT,201,31930.43,,2021-01-22 05:00:00+08:00,Crypto,OrderType.MARKET,USD,3.384588,1033.1793328799945,-108.07135,2021-01-24 22:00:00+08:00,32235.69
BTC/USDT,204,29733.75,,2021-01-22 08:00:00+08:00,Crypto,OrderType.MARKET,USD,0.023301999999999712,58.30020587999925,-105.471617,2021-01-24 22:00:00+08:00,32235.69
BTC/USDT,204,29733.75,,2021-01-22 08:00:00+08:00,Crypto,OrderType.MARKET,USD,3.5239000000000003,8501.690662000006,-105.471617,2021-01-24 23:30:00+08:00,32146.33
BTC/USDT,207,29501.42,,2021-01-22 09:00:00+08:00,Crypto,OrderType.MARKET,USD,0.05052999999999974,133.6473022999995,-105.255609,2021-01-24 23:30:00+08:00,32146.33
BTC/USDT,207,29501.42,,2021-01-22 09:00:00+08:00,Crypto,OrderType.MARKET,USD,3.517285,7835.279930250005,-105.255609,2021-01-25 00:30:00+08:00,31729.07
BTC/USDT,210,32267.1,,2021-01-23 10:00:00+08:00,Crypto,OrderType.MARKET,USD,0.10390599999999983,-55.904545179999786,-112.313321,2021-01-25 00:30:00+08:00,31729.07
BTC/USDT,210,32267.1,,2021-01-23 10:00:00+08:00,Crypto,OrderType.MARKET,USD,3.3768320000000003,-1470.4077260799957,-112.313321,2021-01-25 03:00:00+08:00,31831.66
BTC/USDT,213,31602.63,,2021-01-23 20:30:00+08:00,Crypto,OrderType.MARKET,USD,0.22737799999999986,52.0763833399997,-112.357336,2021-01-25 03:00:00+08:00,31831.66
BTC/USDT,213,31602.63,,2021-01-23 20:30:00+08:00,Crypto,OrderType.MARKET,USD,3.327938,3634.3745310399936,-112.357336,2021-01-25 08:00:00+08:00,32694.71
BTC/USDT,216,32227.29,,2021-01-24 21:30:00+08:00,Crypto,OrderType.MARKET,USD,0.329434,153.98404027999942,-114.780362,2021-01-25 08:00:00+08:00,32694.71
BTC/USDT,216,32227.29,,2021-01-24 21:30:00+08:00,Crypto,OrderType.MARKET,USD,3.232155,3995.654654100004,-114.780362,2021-01-26 05:00:00+08:00,33463.51
BTC/USDT,219,32055.71,,2021-01-24 22:30:00+08:00,Crypto,OrderType.MARKET,USD,0.33959899999999976,478.08747220000066,-114.580891,2021-01-26 05:00:00+08:00,33463.51
BTC/USDT,219,32055.71,,2021-01-24 22:30:00+08:00,Crypto,OrderType.MARKET,USD,3.2348310000000002,2134.4061904199993,-114.580891,2021-01-26 06:00:00+08:00,32715.53
BTC/USDT,222,31667.82,,2021-01-25 00:00:00+08:00,Crypto,OrderType.MARKET,USD,0.4110009999999997,430.60985770999935,-114.675225,2021-01-26 06:00:00+08:00,32715.53
BTC/USDT,222,31667.82,,2021-01-25 00:00:00+08:00,Crypto,OrderType.MARKET,USD,3.2101900000000003,3487.4862122000036,-114.675225,2021-01-26 10:00:00+08:00,32754.2
BTC/USDT,225,31814.87,,2021-01-25 01:00:00+08:00,Crypto,OrderType.MARKET,USD,0.45673399999999953,429.02394822000036,-114.667473,2021-01-26 10:00:00+08:00,32754.2
BTC/USDT,225,31814.87,,2021-01-25 01:00:00+08:00,Crypto,OrderType.MARKET,USD,3.1474760000000006,-733.8340293999933,-114.667473,2021-01-26 15:00:00+08:00,31581.72
BTC/USDT,228,31306.29,,2021-01-25 03:30:00+08:00,Crypto,OrderType.MARKET,USD,0.6142709999999996,169.18866153000005,-114.498748,2021-01-26 15:00:00+08:00,31581.72
BTC/USDT,228,31306.29,,2021-01-25 03:30:00+08:00,Crypto,OrderType.MARKET,USD,3.0431010000000005,1255.7964896699948,-114.498748,2021-01-26 22:00:00+08:00,31718.96
BTC/USDT,231,33411.54,,2021-01-26 03:30:00+08:00,Crypto,OrderType.MARKET,USD,0.7299949999999993,-1235.5749371000002,-119.337802,2021-01-26 22:00:00+08:00,31718.96
BTC/USDT,231,33411.54,,2021-01-26 03:30:00+08:00,Crypto,OrderType.MARKET,USD,2.8417590000000006,-4949.718991020008,-119.337802,2021-01-27 16:30:00+08:00,31669.76
BTC/USDT,234,32718.08,,2021-01-26 05:30:00+08:00,Crypto,OrderType.MARKET,USD,0.9449019999999995,-990.5596646400026,-119.284623,2021-01-27 16:30:00+08:00,31669.76
BTC/USDT,234,32718.08,,2021-01-26 05:30:00+08:00,Crypto,OrderType.MARKET,USD,2.7009300000000005,-3408.141511200001,-119.284623,2021-01-27 19:30:00+08:00,31456.24
BTC/USDT,237,32462.36,,2021-01-26 06:30:00+08:00,Crypto,OrderType.MARKET,USD,1.1631159999999996,-1170.2342699199985,-119.037007,2021-01-27 19:30:00+08:00,31456.24
BTC/USDT,237,32462.36,,2021-01-26 06:30:00+08:00,Crypto,OrderType.MARKET,USD,2.5038080000000003,-4449.842691839999,-119.037007,2021-01-27 21:30:00+08:00,30685.13
BTC/USDT,240,31864.77,,2021-01-26 11:00:00+08:00,Crypto,OrderType.MARKET,USD,1.4611969999999999,-1723.686429079999,-119.867203,2021-01-27 21:30:00+08:00,30685.13
BTC/USDT,240,31864.77,,2021-01-26 11:00:00+08:00,Crypto,OrderType.MARKET,USD,2.3005500000000003,-3810.4469759999997,-119.867203,2021-01-27 22:30:00+08:00,30208.45
BTC/USDT,243,31423.81,,2021-01-26 21:00:00+08:00,Crypto,OrderType.MARKET,USD,1.7191669999999997,-2089.4068051200006,-118.565052,2021-01-27 22:30:00+08:00,30208.45
BTC/USDT,243,31423.81,,2021-01-26 21:00:00+08:00,Crypto,OrderType.MARKET,USD,2.053929,197.97821630999883,-118.565052,2021-01-28 04:30:00+08:00,31520.2
BTC/USDT,246,31542.19,,2021-01-27 13:00:00+08:00,Crypto,OrderType.MARKET,USD,2.0127420000000003,-44.260196579995906,-119.439581,2021-01-28 04:30:00+08:00,31520.2
BTC/USDT,246,31542.19,,2021-01-27 13:00:00+08:00,Crypto,OrderType.MARKET,USD,1.7739189999999998,413.1989526700005,-119.439581,2021-01-28 21:30:00+08:00,31775.12
BTC/USDT,249,30973.5,,2021-01-27 17:00:00+08:00,Crypto,OrderType.MARKET,USD,2.2884820000000006,1834.492940839998,-119.683029,2021-01-28 21:30:00+08:00,31775.12
BTC/USDT,249,30973.5,,2021-01-27 17:00:00+08:00,Crypto,OrderType.MARKET,USD,1.5755639999999995,2379.479775360002,-119.683029,2021-01-29 15:00:00+08:00,32483.74
BTC/USDT,252,30594.04,,2021-01-27 20:00:00+08:00,Crypto,OrderType.MARKET,USD,2.3208180000000005,4385.649774600002,-121.305522,2021-01-29 15:00:00+08:00,32483.74
BTC/USDT,252,30594.04,,2021-01-27 20:00:00+08:00,Crypto,OrderType.MARKET,USD,1.6441869999999996,9283.408639399993,-121.305522,2021-01-29 16:30:00+08:00,36240.24
BTC/USDT,255,30207.0,,2021-01-27 22:00:00+08:00,Crypto,OrderType.MARKET,USD,2.2706090000000003,13699.129043159997,-121.423591,2021-01-29 16:30:00+08:00,36240.24
BTC/USDT,255,30207.0,,2021-01-27 22:00:00+08:00,Crypto,OrderType.MARKET,USD,1.7491079999999997,8740.677479760001,-121.423591,2021-01-30 03:00:00+08:00,35204.22
BTC/USDT,258,29800.0,,2021-01-27 23:00:00+08:00,Crypto,OrderType.MARKET,USD,2.2958810000000005,12407.446017820006,-121.186796,2021-01-30 03:00:00+08:00,35204.22
BTC/USDT,258,29800.0,,2021-01-27 23:00:00+08:00,Crypto,OrderType.MARKET,USD,1.7707899999999999,7192.152124500005,-121.186796,2021-01-30 11:00:00+08:00,33861.55
BTC/USDT,261,31490.29,,2021-01-28 18:30:00+08:00,Crypto,OrderType.MARKET,USD,2.370297,5620.590464220005,-127.926186,2021-01-30 11:00:00+08:00,33861.55
BTC/USDT,261,31490.29,,2021-01-28 18:30:00+08:00,Crypto,OrderType.MARKET,USD,1.6921040000000005,4754.016951119999,-127.926186,2021-01-30 18:30:00+08:00,34299.82
BTC/USDT,264,33062.82,,2021-01-29 12:30:00+08:00,Crypto,OrderType.MARKET,USD,2.483123999999999,3071.624387999999,-128.825377,2021-01-30 18:30:00+08:00,34299.82
BTC/USDT,264,33062.82,,2021-01-29 12:30:00+08:00,Crypto,OrderType.MARKET,USD,1.4132580000000008,2279.17530918,-128.825377,2021-01-31 05:30:00+08:00,34675.53
BTC/USDT,267,32266.35,,2021-01-29 15:30:00+08:00,Crypto,OrderType.MARKET,USD,2.795731999999999,6735.421619759999,-126.316178,2021-01-31 05:30:00+08:00,34675.53
BTC/USDT,267,32266.35,,2021-01-29 15:30:00+08:00,Crypto,OrderType.MARKET,USD,1.1190640000000007,1401.6948038400064,-126.316178,2021-01-31 17:30:00+08:00,33518.91
BTC/USDT,270,35003.72,,2021-01-30 02:00:00+08:00,Crypto,OrderType.MARKET,USD,3.1606569999999996,-4692.975120169992,-141.589662,2021-01-31 17:30:00+08:00,33518.91
BTC/USDT,270,35003.72,,2021-01-30 02:00:00+08:00,Crypto,OrderType.MARKET,USD,0.8843320000000006,-1731.778512280002,-141.589662,2021-01-31 23:30:00+08:00,33045.43
BTC/USDT,273,34318.57,,2021-01-30 03:30:00+08:00,Crypto,OrderType.MARKET,USD,3.4480369999999994,-4389.833826179997,-142.116184,2021-01-31 23:30:00+08:00,33045.43
BTC/USDT,273,34318.57,,2021-01-30 03:30:00+08:00,Crypto,OrderType.MARKET,USD,0.6930500000000004,-960.7890760000004,-142.116184,2021-02-01 01:30:00+08:00,32932.25
BTC/USDT,276,33517.56,,2021-01-30 13:00:00+08:00,Crypto,OrderType.MARKET,USD,3.6455209999999996,-2133.7598965099914,-139.943455,2021-02-01 01:30:00+08:00,32932.25
BTC/USDT,276,33517.56,,2021-01-30 13:00:00+08:00,Crypto,OrderType.MARKET,USD,0.5297070000000001,-46.227529889998316,-139.943455,2021-02-01 09:30:00+08:00,33430.29
BTC/USDT,279,33956.7,,2021-01-31 00:30:00+08:00,Crypto,OrderType.MARKET,USD,3.8522629999999998,-2027.8697658299852,-142.923411,2021-02-01 09:30:00+08:00,33430.29
BTC/USDT,279,33956.7,,2021-01-31 00:30:00+08:00,Crypto,OrderType.MARKET,USD,0.35672700000000024,9.021625830000318,-142.923411,2021-02-02 08:30:00+08:00,33981.99
BTC/USDT,282,34034.31,,2021-01-31 12:30:00+08:00,Crypto,OrderType.MARKET,USD,4.052112,-212.00649983999884,-145.657351,2021-02-02 08:30:00+08:00,33981.99
BTC/USDT,282,34034.31,,2021-01-31 12:30:00+08:00,Crypto,OrderType.MARKET,USD,0.22760900000000017,496.37653547000076,-145.657351,2021-02-03 08:00:00+08:00,36215.14
BTC/USDT,285,33045.43,,2021-01-31 23:00:00+08:00,Crypto,OrderType.MARKET,USD,3.967956,12577.269812759996,-143.164997,2021-02-03 08:00:00+08:00,36215.14
BTC/USDT,285,33045.43,,2021-01-31 23:00:00+08:00,Crypto,OrderType.MARKET,USD,0.3644129999999999,1352.9269920600004,-143.164997,2021-02-03 23:00:00+08:00,36758.05
BTC/USDT,288,32932.26,,2021-02-01 01:00:00+08:00,Crypto,OrderType.MARKET,USD,3.8435820000000005,14704.737579780005,-142.878948,2021-02-03 23:00:00+08:00,36758.05
BTC/USDT,288,32932.26,,2021-02-01 01:00:00+08:00,Crypto,OrderType.MARKET,USD,0.49498899999999946,2249.1953667699977,-142.878948,2021-02-05 04:00:00+08:00,37476.19
BTC/USDT,291,32540.94,,2021-02-01 02:00:00+08:00,Crypto,OrderType.MARKET,USD,3.753545000000001,18524.68296125002,-142.593423,2021-02-05 04:00:00+08:00,37476.19
BTC/USDT,291,32540.94,,2021-02-01 02:00:00+08:00,Crypto,OrderType.MARKET,USD,0.6284249999999991,3613.0038524999945,-142.593423,2021-02-06 07:30:00+08:00,38290.24
BTC/USDT,294,33160.17,,2021-02-01 23:30:00+08:00,Crypto,OrderType.MARKET,USD,3.581938000000001,18375.592675660006,-146.197851,2021-02-06 07:30:00+08:00,38290.24
BTC/USDT,294,33160.17,,2021-02-01 23:30:00+08:00,Crypto,OrderType.MARKET,USD,0.8269009999999994,5829.172447419995,-146.197851,2021-02-06 21:30:00+08:00,40209.59
BTC/USDT,297,35638.05,,2021-02-03 07:00:00+08:00,Crypto,OrderType.MARKET,USD,3.174475,14512.23944149998,-149.521755,2021-02-06 21:30:00+08:00,40209.59
BTC/USDT,297,35638.05,,2021-02-03 07:00:00+08:00,Crypto,OrderType.MARKET,USD,1.02109,4446.561044799994,-149.521755,2021-02-07 07:00:00+08:00,39992.77
BTC/USDT,300,36036.02,,2021-02-03 19:00:00+08:00,Crypto,OrderType.MARKET,USD,2.9939419999999997,11846.280008499998,-151.639392,2021-02-07 07:00:00+08:00,39992.77
BTC/USDT,300,36036.02,,2021-02-03 19:00:00+08:00,Crypto,OrderType.MARKET,USD,1.2140530000000007,3972.514961830003,-151.639392,2021-02-07 09:30:00+08:00,39308.13
BTC/USDT,303,36334.57,,2021-02-04 23:00:00+08:00,Crypto,OrderType.MARKET,USD,2.875355999999999,8550.04358735999,-154.368656,2021-02-07 09:30:00+08:00,39308.13
BTC/USDT,303,36334.57,,2021-02-04 23:00:00+08:00,Crypto,OrderType.MARKET,USD,1.3731780000000011,4342.524375420003,-154.368656,2021-02-07 16:30:00+08:00,39496.96
BTC/USDT,306,37740.39,,2021-02-06 04:30:00+08:00,Crypto,OrderType.MARKET,USD,2.7748729999999986,4874.258665609997,-158.900742,2021-02-07 16:30:00+08:00,39496.96
BTC/USDT,306,37740.39,,2021-02-06 04:30:00+08:00,Crypto,OrderType.MARKET,USD,1.4354900000000015,681.3122638000044,-158.900742,2021-02-07 23:00:00+08:00,38215.01
BTC/USDT,309,40209.59,,2021-02-06 21:00:00+08:00,Crypto,OrderType.MARKET,USD,2.8431479999999985,-5670.8861378399815,-160.893688,2021-02-07 23:00:00+08:00,38215.01
BTC/USDT,309,40209.59,,2021-02-06 21:00:00+08:00,Crypto,OrderType.MARKET,USD,1.1582280000000011,-2650.5700311599953,-160.893688,2021-02-08 00:00:00+08:00,37921.12
BTC/USDT,312,39992.77,,2021-02-07 06:30:00+08:00,Crypto,OrderType.MARKET,USD,3.1449559999999988,-6515.248097399979,-160.572251,2021-02-08 00:00:00+08:00,37921.12
BTC/USDT,312,39992.77,,2021-02-07 06:30:00+08:00,Crypto,OrderType.MARKET,USD,0.870076000000001,-1577.43908724,-160.572251,2021-02-08 01:00:00+08:00,38179.78
BTC/USDT,315,39186.94,,2021-02-07 07:30:00+08:00,Crypto,OrderType.MARKET,USD,3.3947519999999987,-3419.0584243200105,-160.251425,2021-02-08 01:00:00+08:00,38179.78
BTC/USDT,315,39186.94,,2021-02-07 07:30:00+08:00,Crypto,OrderType.MARKET,USD,0.6946570000000012,-148.34400235000228,-160.251425,2021-02-08 07:00:00+08:00,38973.39
BTC/USDT,318,38674.99,,2021-02-07 10:00:00+08:00,Crypto,OrderType.MARKET,USD,3.5963959999999986,1073.1645664000048,-160.425831,2021-02-08 07:00:00+08:00,38973.39
BTC/USDT,318,38674.99,,2021-02-07 10:00:00+08:00,Crypto,OrderType.MARKET,USD,0.5516550000000011,4599.5780259000085,-160.425831,2021-02-10 02:30:00+08:00,47012.77
BTC/USDT,321,38214.98,,2021-02-07 22:30:00+08:00,Crypto,OrderType.MARKET,USD,3.140473999999999,27629.23075245997,-163.508066,2021-02-10 02:30:00+08:00,47012.77
BTC/USDT,321,38214.98,,2021-02-07 22:30:00+08:00,Crypto,OrderType.MARKET,USD,1.138164000000001,9082.10483604,-163.508066,2021-02-10 13:00:00+08:00,46194.59
BTC/USDT,324,37921.11,,2021-02-07 23:30:00+08:00,Crypto,OrderType.MARKET,USD,2.639922999999999,21841.35014203998,-163.181514,2021-02-10 13:00:00+08:00,46194.59
BTC/USDT,324,37921.11,,2021-02-07 23:30:00+08:00,Crypto,OrderType.MARKET,USD,1.6632610000000008,12815.775289810004,-163.181514,2021-02-10 22:00:00+08:00,45626.32
BTC/USDT,327,38185.72,,2021-02-08 00:30:00+08:00,Crypto,OrderType.MARKET,USD,2.1668789999999993,16122.879887399991,-162.855528,2021-02-10 22:00:00+08:00,45626.32
BTC/USDT,327,38185.72,,2021-02-08 00:30:00+08:00,Crypto,OrderType.MARKET,USD,2.0979490000000003,14199.778991089994,-162.855528,2021-02-10 23:00:00+08:00,44954.13
BTC/USDT,330,37870.62,,2021-02-08 01:30:00+08:00,Crypto,OrderType.MARKET,USD,1.7816959999999997,12620.661432959989,-162.504838,2021-02-10 23:00:00+08:00,44954.13
BTC/USDT,330,37870.62,,2021-02-08 01:30:00+08:00,Crypto,OrderType.MARKET,USD,2.509357,17396.945490309987,-162.504838,2021-02-11 08:30:00+08:00,44803.45
BTC/USDT,333,45205.02,,2021-02-09 21:00:00+08:00,Crypto,OrderType.MARKET,USD,1.41501,-568.2255656999996,-166.902765,2021-02-11 08:30:00+08:00,44803.45
BTC/USDT,333,45205.02,,2021-02-09 21:00:00+08:00,Crypto,OrderType.MARKET,USD,2.277119,-596.5596356199907,-166.902765,2021-02-11 15:30:00+08:00,44943.04
BTC/USDT,336,45851.35,,2021-02-10 12:00:00+08:00,Crypto,OrderType.MARKET,USD,1.6608050000000003,-1508.5257895499965,-173.230389,2021-02-11 15:30:00+08:00,44943.04
BTC/USDT,336,45851.35,,2021-02-10 12:00:00+08:00,Crypto,OrderType.MARKET,USD,2.117282,4252.83614366001,-173.230389,2021-02-12 19:30:00+08:00,47859.98
BTC/USDT,339,45475.75,,2021-02-10 21:00:00+08:00,Crypto,OrderType.MARKET,USD,1.6378470000000003,3905.003952810006,-174.178489,2021-02-12 19:30:00+08:00,47859.98
BTC/USDT,339,45475.75,,2021-02-10 21:00:00+08:00,Crypto,OrderType.MARKET,USD,2.192293,5210.5323877499995,-174.178489,2021-02-13 11:00:00+08:00,47852.5
BTC/USDT,342,44954.12,,2021-02-10 22:30:00+08:00,Crypto,OrderType.MARKET,USD,1.5990330000000004,4634.605266539997,-174.406027,2021-02-13 11:00:00+08:00,47852.5
BTC/USDT,342,44954.12,,2021-02-10 22:30:00+08:00,Crypto,OrderType.MARKET,USD,2.2806119999999996,5885.4385516799975,-174.406027,2021-02-13 15:30:00+08:00,47534.76
BTC/USDT,345,44353.04,,2021-02-10 23:30:00+08:00,Crypto,OrderType.MARKET,USD,1.5003340000000005,4773.642694480003,-174.057607,2021-02-13 15:30:00+08:00,47534.76
BTC/USDT,345,44353.04,,2021-02-10 23:30:00+08:00,Crypto,OrderType.MARKET,USD,2.4240329999999997,5737.346746380001,-174.057607,2021-02-13 19:00:00+08:00,46719.9
BTC/USDT,348,44559.99,,2021-02-11 14:30:00+08:00,Crypto,OrderType.MARKET,USD,1.4160540000000004,3058.549195140006,-175.473854,2021-02-13 19:00:00+08:00,46719.9
BTC/USDT,348,44559.99,,2021-02-11 14:30:00+08:00,Crypto,OrderType.MARKET,USD,2.52187,6602.785252699998,-175.473854,2021-02-13 20:30:00+08:00,47178.2
BTC/USDT,351,47036.65,,2021-02-12 15:00:00+08:00,Crypto,OrderType.MARKET,USD,1.3212960000000002,187.02944879999427,-176.628688,2021-02-13 20:30:00+08:00,47178.2
BTC/USDT,351,47036.65,,2021-02-12 15:00:00+08:00,Crypto,OrderType.MARKET,USD,2.433833,5294.316924899989,-176.628688,2021-02-15 06:00:00+08:00,49211.95
BTC/USDT,354,47308.33,,2021-02-13 08:00:00+08:00,Crypto,OrderType.MARKET,USD,1.27935,2435.396246999994,-179.361302,2021-02-15 06:00:00+08:00,49211.95
BTC/USDT,354,47308.33,,2021-02-13 08:00:00+08:00,Crypto,OrderType.MARKET,USD,2.511976,3656.0805889599983,-179.361302,2021-02-15 09:00:00+08:00,48763.79
BTC/USDT,357,47888.0,,2021-02-13 13:30:00+08:00,Crypto,OrderType.MARKET,USD,1.2362529999999996,1082.6980148700006,-181.061942,2021-02-15 09:00:00+08:00,48763.79
BTC/USDT,357,47888.0,,2021-02-13 13:30:00+08:00,Crypto,OrderType.MARKET,USD,2.5446930000000005,-2580.2678081400086,-181.061942,2021-02-15 10:30:00+08:00,46874.02
BTC/USDT,360,46709.17,,2021-02-13 18:30:00+08:00,Crypto,OrderType.MARKET,USD,1.3900469999999996,229.1492479499979,-179.367276,2021-02-15 10:30:00+08:00,46874.02
BTC/USDT,360,46709.17,,2021-02-13 18:30:00+08:00,Crypto,OrderType.MARKET,USD,2.4500400000000004,2182.5691332000047,-179.367276,2021-02-15 17:00:00+08:00,47600.0
BTC/USDT,363,46589.2,,2021-02-13 19:30:00+08:00,Crypto,OrderType.MARKET,USD,1.4472399999999994,1462.8701920000037,-179.050029,2021-02-15 17:00:00+08:00,47600.0
BTC/USDT,363,46589.2,,2021-02-13 19:30:00+08:00,Crypto,OrderType.MARKET,USD,2.3959260000000007,6537.6913984200155,-179.050029,2021-02-16 11:00:00+08:00,49317.87
BTC/USDT,366,48732.15,,2021-02-15 02:00:00+08:00,Crypto,OrderType.MARKET,USD,1.4902419999999994,872.8645442400014,-180.951391,2021-02-16 11:00:00+08:00,49317.87
BTC/USDT,366,48732.15,,2021-02-15 02:00:00+08:00,Crypto,OrderType.MARKET,USD,2.2229410000000005,2700.606562079995,-180.951391,2021-02-16 20:00:00+08:00,49947.03
BTC/USDT,369,48654.4,,2021-02-15 08:00:00+08:00,Crypto,OrderType.MARKET,USD,1.6581829999999993,2143.417091289995,-182.367833,2021-02-16 20:00:00+08:00,49947.03
BTC/USDT,369,48654.4,,2021-02-15 08:00:00+08:00,Crypto,OrderType.MARKET,USD,2.0900460000000005,1001.2365362999911,-182.367833,2021-02-17 07:30:00+08:00,49133.45
BTC/USDT,372,46359.53,,2021-02-15 10:00:00+08:00,Crypto,OrderType.MARKET,USD,1.8912589999999994,5246.201165279995,-182.412697,2021-02-17 07:30:00+08:00,49133.45
BTC/USDT,372,46359.53,,2021-02-15 10:00:00+08:00,Crypto,OrderType.MARKET,USD,2.0434810000000008,10797.671864760003,-182.412697,2021-02-18 19:00:00+08:00,51643.49
BTC/USDT,375,47230.01,,2021-02-15 11:00:00+08:00,Crypto,OrderType.MARKET,USD,1.7540269999999993,7741.36308395999,-184.068573,2021-02-18 19:00:00+08:00,51643.49
BTC/USDT,375,47230.01,,2021-02-15 11:00:00+08:00,Crypto,OrderType.MARKET,USD,2.1432530000000005,10587.626954939993,-184.068573,2021-02-19 02:30:00+08:00,52169.99
BTC/USDT,378,47640.73,,2021-02-16 08:00:00+08:00,Crypto,OrderType.MARKET,USD,1.6665429999999994,7548.206548179989,-185.13988,2021-02-19 02:30:00+08:00,52169.99
BTC/USDT,378,47640.73,,2021-02-16 08:00:00+08:00,Crypto,OrderType.MARKET,USD,2.2196250000000006,10200.46425749999,-185.13988,2021-02-19 16:30:00+08:00,52236.31
BTC/USDT,381,49283.3,,2021-02-16 17:30:00+08:00,Crypto,OrderType.MARKET,USD,1.6684389999999993,4926.917051389989,-191.274598,2021-02-19 16:30:00+08:00,52236.31
BTC/USDT,381,49283.3,,2021-02-16 17:30:00+08:00,Crypto,OrderType.MARKET,USD,2.2126850000000005,13886.257888750002,-191.274598,2021-02-20 16:30:00+08:00,55559.05
BTC/USDT,384,48592.93,,2021-02-17 03:00:00+08:00,Crypto,OrderType.MARKET,USD,1.4587499999999993,10161.82755,-193.463275,2021-02-20 16:30:00+08:00,55559.05
BTC/USDT,384,48592.93,,2021-02-17 03:00:00+08:00,Crypto,OrderType.MARKET,USD,2.5225550000000005,19582.544013900013,-193.463275,2021-02-20 19:30:00+08:00,56355.91
BTC/USDT,387,51408.56,,2021-02-18 15:00:00+08:00,Crypto,OrderType.MARKET,USD,1.1550509999999994,5714.4415648500035,-195.224418,2021-02-20 19:30:00+08:00,56355.91
BTC/USDT,387,51408.56,,2021-02-18 15:00:00+08:00,Crypto,OrderType.MARKET,USD,2.6424570000000007,14417.826732540007,-195.224418,2021-02-21 13:00:00+08:00,56864.78
BTC/USDT,390,51374.07,,2021-02-18 19:30:00+08:00,Crypto,OrderType.MARKET,USD,1.0616319999999995,5829.113438719996,-195.724726,2021-02-21 13:00:00+08:00,56864.78
BTC/USDT,390,51374.07,,2021-02-18 19:30:00+08:00,Crypto,OrderType.MARKET,USD,2.7481640000000005,14123.199538960002,-195.724726,2021-02-21 17:00:00+08:00,56513.21
BTC/USDT,393,51017.66,,2021-02-19 10:00:00+08:00,Crypto,OrderType.MARKET,USD,0.9994689999999995,5492.631862949993,-198.359927,2021-02-21 17:00:00+08:00,56513.21
BTC/USDT,393,51017.66,,2021-02-19 10:00:00+08:00,Crypto,OrderType.MARKET,USD,2.8885950000000005,18471.669560549988,-198.359927,2021-02-22 08:00:00+08:00,57412.35
BTC/USDT,396,55207.92,,2021-02-20 15:30:00+08:00,Crypto,OrderType.MARKET,USD,0.7763479999999996,1711.4048216399992,-202.69229,2021-02-22 08:00:00+08:00,57412.35
BTC/USDT,396,55207.92,,2021-02-20 15:30:00+08:00,Crypto,OrderType.MARKET,USD,2.895087,3659.245213650013,-202.69229,2021-02-22 11:30:00+08:00,56471.87
BTC/USDT,399,55355.01,,2021-02-20 17:00:00+08:00,Crypto,OrderType.MARKET,USD,0.8391009999999999,937.1583428600004,-203.573917,2021-02-22 11:30:00+08:00,56471.87
BTC/USDT,399,55355.01,,2021-02-20 17:00:00+08:00,Crypto,OrderType.MARKET,USD,2.838505,1093.7327465999992,-203.573917,2021-02-22 17:30:00+08:00,55740.33
BTC/USDT,402,55841.19,,2021-02-21 07:30:00+08:00,Crypto,OrderType.MARKET,USD,0.9493849999999999,-95.75497110000055,-206.840738,2021-02-22 17:30:00+08:00,55740.33
BTC/USDT,402,55841.19,,2021-02-21 07:30:00+08:00,Crypto,OrderType.MARKET,USD,2.7547040000000003,-3653.2608977600066,-206.840738,2021-02-22 20:00:00+08:00,54515.0
BTC/USDT,405,56091.76,,2021-02-21 15:30:00+08:00,Crypto,OrderType.MARKET,USD,1.1143779999999999,-1757.106655280002,-210.211331,2021-02-22 20:00:00+08:00,54515.0
BTC/USDT,405,56091.76,,2021-02-21 15:30:00+08:00,Crypto,OrderType.MARKET,USD,2.633255,-6076.551903100008,-210.211331,2021-02-22 21:00:00+08:00,53784.14
BTC/USDT,408,57672.82,,2021-02-22 05:00:00+08:00,Crypto,OrderType.MARKET,USD,1.2807879999999998,-4980.57467984,-211.367598,2021-02-22 21:00:00+08:00,53784.14
BTC/USDT,408,57672.82,,2021-02-22 05:00:00+08:00,Crypto,OrderType.MARKET,USD,2.3841550000000002,-13365.167623650006,-211.367598,2021-02-22 22:00:00+08:00,52066.99
BTC/USDT,411,56235.15,,2021-02-22 08:30:00+08:00,Crypto,OrderType.MARKET,USD,1.650623,-6880.060763680006,-209.992622,2021-02-22 22:00:00+08:00,52066.99
BTC/USDT,411,56235.15,,2021-02-22 08:30:00+08:00,Crypto,OrderType.MARKET,USD,2.083565,-4380.466220349999,-209.992622,2021-02-23 04:30:00+08:00,54132.76
BTC/USDT,414,55560.01,,2021-02-22 12:00:00+08:00,Crypto,OrderType.MARKET,USD,1.8724349999999998,-2672.4328537499996,-210.455206,2021-02-23 04:30:00+08:00,54132.76
BTC/USDT,414,55560.01,,2021-02-22 12:00:00+08:00,Crypto,OrderType.MARKET,USD,1.9154550000000001,-5772.070406100011,-210.455206,2021-02-23 10:00:00+08:00,52546.59
BTC/USDT,417,54461.6,,2021-02-22 18:00:00+08:00,Crypto,OrderType.MARKET,USD,2.035932,-3898.830139320004,-210.716396,2021-02-23 10:00:00+08:00,52546.59
BTC/USDT,417,54461.6,,2021-02-22 18:00:00+08:00,Crypto,OrderType.MARKET,USD,1.8331500000000003,-5416.261652999992,-210.716396,2021-02-23 12:30:00+08:00,51506.98
BTC/USDT,420,53781.12,,2021-02-22 20:30:00+08:00,Crypto,OrderType.MARKET,USD,2.2125869999999996,-5031.7326001799975,-210.501616,2021-02-23 12:30:00+08:00,51506.98
BTC/USDT,420,53781.12,,2021-02-22 20:30:00+08:00,Crypto,OrderType.MARKET,USD,1.7014560000000003,-5312.847403680012,-210.501616,2021-02-23 14:30:00+08:00,50658.59
BTC/USDT,423,52070.47,,2021-02-22 21:30:00+08:00,Crypto,OrderType.MARKET,USD,2.5112959999999998,-3545.6485964800113,-210.092787,2021-02-23 14:30:00+08:00,50658.59
BTC/USDT,423,52070.47,,2021-02-22 21:30:00+08:00,Crypto,OrderType.MARKET,USD,1.5234820000000004,-3698.3287291000056,-210.092787,2021-02-23 16:00:00+08:00,49642.92
BTC/USDT,426,53478.83,,2021-02-22 22:30:00+08:00,Crypto,OrderType.MARKET,USD,2.741110999999999,-10514.655096010007,-209.659047,2021-02-23 16:00:00+08:00,49642.92
BTC/USDT,426,53478.83,,2021-02-22 22:30:00+08:00,Crypto,OrderType.MARKET,USD,1.1793010000000006,-7758.597692980008,-209.659047,2021-02-24 03:30:00+08:00,46899.85
BTC/USDT,427,53478.83,51339.6768,2021-02-22 22:30:00+08:00,Crypto,OrderType.STOP,USD,3.358077999999999,-22092.728000440005,-209.659047,2021-02-24 03:30:00+08:00,46899.85
BTC/USDT,427,53478.83,51339.6768,2021-02-22 22:30:00+08:00,Crypto,OrderType.STOP,USD,0.5623340000000008,-1848.5211948200044,-209.659047,2021-02-24 09:30:00+08:00,50191.6
BTC/USDT,428,52891.84,,2021-02-22 23:00:00+08:00,Crypto,OrderType.MARKET,USD,3.956,-10682.149439999992,-209.240119,2021-02-24 09:30:00+08:00,50191.6
BTC/USDT,431,54087.67,,2021-02-23 07:30:00+08:00,Crypto,OrderType.MARKET,USD,0.012683999999999696,-49.41775187999881,-213.721316,2021-02-24 09:30:00+08:00,50191.6
BTC/USDT,431,54087.67,,2021-02-23 07:30:00+08:00,Crypto,OrderType.MARKET,USD,3.9387030000000003,-16811.093370540002,-213.721316,2021-02-25 00:00:00+08:00,49819.49
BTC/USDT,434,51218.63,,2021-02-23 10:30:00+08:00,Crypto,OrderType.MARKET,USD,0.6796159999999993,-950.8779302399987,-207.217106,2021-02-25 00:00:00+08:00,49819.49
BTC/USDT,434,51218.63,,2021-02-23 10:30:00+08:00,Crypto,OrderType.MARKET,USD,3.3661210000000006,-7127.592911449991,-207.217106,2021-02-25 05:00:00+08:00,49101.18
BTC/USDT,437,49366.14,,2021-02-23 13:00:00+08:00,Crypto,OrderType.MARKET,USD,1.281585999999999,-339.56902655999863,-207.967305,2021-02-25 05:00:00+08:00,49101.18
BTC/USDT,437,49366.14,,2021-02-23 13:00:00+08:00,Crypto,OrderType.MARKET,USD,2.931166000000001,2786.6595161999926,-207.967305,2021-02-25 08:00:00+08:00,50316.84
BTC/USDT,440,49942.8,,2021-02-23 15:00:00+08:00,Crypto,OrderType.MARKET,USD,1.7447229999999987,652.5961909199883,-212.985715,2021-02-25 08:00:00+08:00,50316.84
BTC/USDT,440,49942.8,,2021-02-23 15:00:00+08:00,Crypto,OrderType.MARKET,USD,2.519870000000001,-2433.614849900011,-212.985715,2021-02-25 17:30:00+08:00,48977.03
BTC/USDT,443,46565.18,,2021-02-23 16:30:00+08:00,Crypto,OrderType.MARKET,USD,2.278375999999999,5495.101155599994,-211.28387,2021-02-25 17:30:00+08:00,48977.03
BTC/USDT,443,46565.18,,2021-02-23 16:30:00+08:00,Crypto,OrderType.MARKET,USD,2.2590030000000008,5286.880261080003,-211.28387,2021-02-26 05:30:00+08:00,48905.54
BTC/USDT,446,46871.85,,2021-02-24 04:00:00+08:00,Crypto,OrderType.MARKET,USD,2.484442999999999,5052.586884670003,-212.377196,2021-02-26 05:30:00+08:00,48905.54
BTC/USDT,446,46871.85,,2021-02-24 04:00:00+08:00,Crypto,OrderType.MARKET,USD,2.0465750000000016,2853.7646457500095,-212.377196,2021-02-26 07:30:00+08:00,48266.26
BTC/USDT,449,49144.43,,2021-02-24 23:00:00+08:00,Crypto,OrderType.MARKET,USD,2.7075999999999985,-2377.733091999994,-226.964655,2021-02-26 07:30:00+08:00,48266.26
BTC/USDT,449,49144.43,,2021-02-24 23:00:00+08:00,Crypto,OrderType.MARKET,USD,1.9107190000000012,-4764.435148070001,-226.964655,2021-02-26 13:30:00+08:00,46650.9
BTC/USDT,452,49405.57,,2021-02-25 03:00:00+08:00,Crypto,OrderType.MARKET,USD,2.987596999999999,-8229.843827989993,-229.622614,2021-02-26 13:30:00+08:00,46650.9
BTC/USDT,452,49405.57,,2021-02-25 03:00:00+08:00,Crypto,OrderType.MARKET,USD,1.6601100000000004,-5489.286523800004,-229.622614,2021-02-26 15:00:00+08:00,46098.99
BTC/USDT,455,48707.72,,2021-02-25 05:30:00+08:00,Crypto,OrderType.MARKET,USD,3.316147999999999,-8650.93477204001,-227.751892,2021-02-26 15:00:00+08:00,46098.99
BTC/USDT,455,48707.72,,2021-02-25 05:30:00+08:00,Crypto,OrderType.MARKET,USD,1.3597410000000005,-2500.210166339998,-227.751892,2021-02-26 22:30:00+08:00,46868.98
BTC/USDT,458,48935.78,,2021-02-25 17:00:00+08:00,Crypto,OrderType.MARKET,USD,3.7308389999999996,-7710.898045199983,-234.805911,2021-02-26 22:30:00+08:00,46868.98
BTC/USDT,458,48935.78,,2021-02-25 17:00:00+08:00,Crypto,OrderType.MARKET,USD,1.0674070000000002,-2308.566511459999,-234.805911,2021-02-27 05:30:00+08:00,46773.0
BTC/USDT,461,49443.86,,2021-02-26 03:30:00+08:00,Crypto,OrderType.MARKET,USD,4.07877,-10893.8236422,-234.53428,2021-02-27 05:30:00+08:00,46773.0
BTC/USDT,461,49443.86,,2021-02-26 03:30:00+08:00,Crypto,OrderType.MARKET,USD,0.664676,-1128.3340373199999,-234.53428,2021-02-27 12:30:00+08:00,47746.29
BTC/USDT,464,48697.68,,2021-02-26 06:00:00+08:00,Crypto,OrderType.MARKET,USD,4.586493,-4363.543575269997,-231.517293,2021-02-27 12:30:00+08:00,47746.29
BTC/USDT,464,48697.68,,2021-02-26 06:00:00+08:00,Crypto,OrderType.MARKET,USD,0.1676820000000001,-150.5784360000001,-231.517293,2021-02-27 14:00:00+08:00,47799.68
BTC/USDT,467,46752.35,,2021-02-26 08:00:00+08:00,Crypto,OrderType.MARKET,USD,4.898316,5130.153296280009,-229.007784,2021-02-27 14:00:00+08:00,47799.68
BTC/USDT,470,45828.47,,2021-02-26 14:00:00+08:00,Crypto,OrderType.MARKET,USD,0.16838399999999965,331.92022463999916,-228.05429,2021-02-27 14:00:00+08:00,47799.68
BTC/USDT,470,45828.47,,2021-02-26 14:00:00+08:00,Crypto,OrderType.MARKET,USD,4.807874,7581.584589339982,-228.05429,2021-02-28 04:00:00+08:00,47405.38
BTC/USDT,473,44973.68,,2021-02-26 15:30:00+08:00,Crypto,OrderType.MARKET,USD,0.5560169999999998,1352.0665388999978,-228.942116,2021-02-28 04:00:00+08:00,47405.38
BTC/USDT,473,44973.68,,2021-02-26 15:30:00+08:00,Crypto,OrderType.MARKET,USD,4.534563,1884.0202352400147,-228.942116,2021-02-28 11:30:00+08:00,45389.16
BTC/USDT,476,46270.0,,2021-02-27 04:30:00+08:00,Crypto,OrderType.MARKET,USD,1.0834709999999994,-954.3645956399957,-238.11361,2021-02-28 11:30:00+08:00,45389.16
BTC/USDT,476,46270.0,,2021-02-27 04:30:00+08:00,Crypto,OrderType.MARKET,USD,4.062706,-6579.958637599994,-238.11361,2021-02-28 12:30:00+08:00,44650.4
BTC/USDT,479,45746.23,,2021-02-27 06:00:00+08:00,Crypto,OrderType.MARKET,USD,1.637626,-1794.5596995800029,-240.221185,2021-02-28 12:30:00+08:00,44650.4
BTC/USDT,479,45746.23,,2021-02-27 06:00:00+08:00,Crypto,OrderType.MARKET,USD,3.613543,-2407.9205134800022,-240.221185,2021-02-28 16:30:00+08:00,45079.87
BTC/USDT,482,47803.71,,2021-02-27 13:30:00+08:00,Crypto,OrderType.MARKET,USD,2.1110379999999997,-5750.129745919992,-250.222879,2021-02-28 16:30:00+08:00,45079.87
BTC/USDT,482,47803.71,,2021-02-27 13:30:00+08:00,Crypto,OrderType.MARKET,USD,3.1233440000000003,-12682.244611680006,-250.222879,2021-02-28 23:30:00+08:00,43743.24
BTC/USDT,485,46552.38,,2021-02-27 16:00:00+08:00,Crypto,OrderType.MARKET,USD,2.7642059999999997,-7765.041642839998,-249.701892,2021-02-28 23:30:00+08:00,43743.24
BTC/USDT,485,46552.38,,2021-02-27 16:00:00+08:00,Crypto,OrderType.MARKET,USD,2.599685,-5588.0229075,-249.701892,2021-03-01 04:00:00+08:00,44402.88
BTC/USDT,488,45170.47,,2021-02-28 07:00:00+08:00,Crypto,OrderType.MARKET,USD,3.331544,-2557.2598589600125,-253.769236,2021-03-01 04:00:00+08:00,44402.88
BTC/USDT,488,45170.47,,2021-02-28 07:00:00+08:00,Crypto,OrderType.MARKET,USD,2.2864899999999997,10034.1013107,-253.769236,2021-03-02 22:00:00+08:00,49558.9
BTC/USDT,491,44644.48,,2021-02-28 12:00:00+08:00,Crypto,OrderType.MARKET,USD,3.1161700000000003,15314.168171399997,-254.488358,2021-03-02 22:00:00+08:00,49558.9
BTC/USDT,491,44644.48,,2021-02-28 12:00:00+08:00,Crypto,OrderType.MARKET,USD,2.584162,8358.394464139985,-254.488358,2021-03-03 01:00:00+08:00,47878.95
BTC/USDT,494,44372.43,,2021-02-28 14:30:00+08:00,Crypto,OrderType.MARKET,USD,3.039046,10656.47557991999,-254.01357,2021-03-03 01:00:00+08:00,47878.95
BTC/USDT,494,44372.43,,2021-02-28 14:30:00+08:00,Crypto,OrderType.MARKET,USD,2.685535,10925.347197700003,-254.01357,2021-03-03 07:30:00+08:00,48440.65
BTC/USDT,497,43744.47,,2021-02-28 23:00:00+08:00,Crypto,OrderType.MARKET,USD,2.975091,13971.56285238,-257.547754,2021-03-03 07:30:00+08:00,48440.65
BTC/USDT,497,43744.47,,2021-02-28 23:00:00+08:00,Crypto,OrderType.MARKET,USD,2.912459,20876.127492329986,-257.547754,2021-03-04 07:30:00+08:00,50912.34
BTC/USDT,500,43334.35,,2021-03-01 00:00:00+08:00,Crypto,OrderType.MARKET,USD,2.468425,18705.699965749995,-257.025953,2021-03-04 07:30:00+08:00,50912.34
BTC/USDT,500,43334.35,,2021-03-01 00:00:00+08:00,Crypto,OrderType.MARKET,USD,3.462804,20252.243822040007,-257.025953,2021-03-04 13:00:00+08:00,49182.86
BTC/USDT,503,48649.64,,2021-03-02 15:00:00+08:00,Crypto,OrderType.MARKET,USD,2.109482,1124.8179920400023,-262.837464,2021-03-04 13:00:00+08:00,49182.86
BTC/USDT,503,48649.64,,2021-03-02 15:00:00+08:00,Crypto,OrderType.MARKET,USD,3.293178,3683.452524780007,-262.837464,2021-03-05 00:00:00+08:00,49768.15
BTC/USDT,506,47520.01,,2021-03-03 00:30:00+08:00,Crypto,OrderType.MARKET,USD,2.323418,5223.368942519999,-267.2149,2021-03-05 00:00:00+08:00,49768.15
BTC/USDT,506,47520.01,,2021-03-03 00:30:00+08:00,Crypto,OrderType.MARKET,USD,3.29979,2818.2846431999815,-267.2149,2021-03-05 08:00:00+08:00,48374.09
BTC/USDT,509,47467.43,,2021-03-03 03:30:00+08:00,Crypto,OrderType.MARKET,USD,2.560904,2321.86922063999,-268.695368,2021-03-05 08:00:00+08:00,48374.09
BTC/USDT,509,47467.43,,2021-03-03 03:30:00+08:00,Crypto,OrderType.MARKET,USD,3.099722,-1976.3517499800116,-268.695368,2021-03-05 09:00:00+08:00,46829.84
BTC/USDT,512,50857.17,,2021-03-04 03:30:00+08:00,Crypto,OrderType.MARKET,USD,2.942137,-11848.956604210005,-273.656532,2021-03-05 09:00:00+08:00,46829.84
BTC/USDT,512,50857.17,,2021-03-04 03:30:00+08:00,Crypto,OrderType.MARKET,USD,2.438747,-9145.106150239997,-273.656532,2021-03-05 11:00:00+08:00,47107.25
BTC/USDT,515,49065.33,,2021-03-04 12:30:00+08:00,Crypto,OrderType.MARKET,USD,3.6020149999999997,-7053.033531200006,-273.406051,2021-03-05 11:00:00+08:00,47107.25
BTC/USDT,515,49065.33,,2021-03-04 12:30:00+08:00,Crypto,OrderType.MARKET,USD,1.9702710000000003,-3125.7561306599987,-273.406051,2021-03-05 19:30:00+08:00,47478.87
BTC/USDT,518,48697.36,,2021-03-04 17:00:00+08:00,Crypto,OrderType.MARKET,USD,4.113721,-5012.527901289992,-273.513397,2021-03-05 19:30:00+08:00,47478.87
BTC/USDT,518,48697.36,,2021-03-04 17:00:00+08:00,Crypto,OrderType.MARKET,USD,1.5028750000000004,-541.951753750001,-273.513397,2021-03-06 18:30:00+08:00,48336.75
BTC/USDT,521,47600.01,,2021-03-05 02:30:00+08:00,Crypto,OrderType.MARKET,USD,4.4703919999999995,3293.5166020799907,-278.969093,2021-03-06 18:30:00+08:00,48336.75
BTC/USDT,521,47600.01,,2021-03-05 02:30:00+08:00,Crypto,OrderType.MARKET,USD,1.3903020000000001,793.8763450199928,-278.969093,2021-03-06 20:00:00+08:00,48171.02
BTC/USDT,524,46829.84,,2021-03-05 08:30:00+08:00,Crypto,OrderType.MARKET,USD,4.593176,6160.275787680001,-282.93929,2021-03-06 20:00:00+08:00,48171.02
BTC/USDT,524,46829.84,,2021-03-05 08:30:00+08:00,Crypto,OrderType.MARKET,USD,1.448683,1203.725191530005,-282.93929,2021-03-06 21:00:00+08:00,47660.75
BTC/USDT,527,46744.76,,2021-03-05 10:00:00+08:00,Crypto,OrderType.MARKET,USD,4.586774,4201.43911625999,-282.37397,2021-03-06 21:00:00+08:00,47660.75
BTC/USDT,527,46744.76,,2021-03-05 10:00:00+08:00,Crypto,OrderType.MARKET,USD,1.4539879999999998,2513.276417520001,-282.37397,2021-03-07 03:00:00+08:00,48473.3
BTC/USDT,530,46679.08,,2021-03-05 12:30:00+08:00,Crypto,OrderType.MARKET,USD,4.6127460000000005,8276.281128120007,-283.995149,2021-03-07 03:00:00+08:00,48473.3
BTC/USDT,530,46679.08,,2021-03-05 12:30:00+08:00,Crypto,OrderType.MARKET,USD,1.4712459999999998,5983.734031519993,-283.995149,2021-03-07 21:00:00+08:00,50746.2
BTC/USDT,533,48262.35,,2021-03-06 12:00:00+08:00,Crypto,OrderType.MARKET,USD,4.312183,10710.815744549995,-288.283903,2021-03-07 21:00:00+08:00,50746.2
BTC/USDT,533,48262.35,,2021-03-06 12:00:00+08:00,Crypto,OrderType.MARKET,USD,1.6610839999999998,2947.244730360001,-288.283903,2021-03-08 04:30:00+08:00,50036.64
BTC/USDT,536,48157.85,,2021-03-06 19:00:00+08:00,Crypto,OrderType.MARKET,USD,4.220201,7928.871436790004,-288.151436,2021-03-08 04:30:00+08:00,50036.64
BTC/USDT,536,48157.85,,2021-03-06 19:00:00+08:00,Crypto,OrderType.MARKET,USD,1.7632769999999995,3037.491491279998,-288.151436,2021-03-08 17:00:00+08:00,49880.49
BTC/USDT,539,47660.74,,2021-03-06 20:30:00+08:00,Crypto,OrderType.MARKET,USD,4.135771,9180.37767725,-287.654347,2021-03-08 17:00:00+08:00,49880.49
BTC/USDT,539,47660.74,,2021-03-06 20:30:00+08:00,Crypto,OrderType.MARKET,USD,1.899686,13578.974524860003,-287.654347,2021-03-10 06:30:00+08:00,54808.75
BTC/USDT,542,47320.3,,2021-03-06 21:30:00+08:00,Crypto,OrderType.MARKET,USD,3.5105389999999996,26288.49577454999,-287.079673,2021-03-10 06:30:00+08:00,54808.75
BTC/USDT,542,47320.3,,2021-03-06 21:30:00+08:00,Crypto,OrderType.MARKET,USD,2.5561950000000007,17524.224880049995,-287.079673,2021-03-10 15:30:00+08:00,54175.89
BTC/USDT,545,50746.2,,2021-03-07 20:30:00+08:00,Crypto,OrderType.MARKET,USD,2.959694999999999,10150.836344550004,-293.487045,2021-03-10 15:30:00+08:00,54175.89
BTC/USDT,545,50746.2,,2021-03-07 20:30:00+08:00,Crypto,OrderType.MARKET,USD,2.823734000000001,11441.205421200011,-293.487045,2021-03-10 17:00:00+08:00,54798.0
BTC/USDT,548,49802.16,,2021-03-08 04:00:00+08:00,Crypto,OrderType.MARKET,USD,2.6541929999999994,13259.923557119988,-292.900697,2021-03-10 17:00:00+08:00,54798.0
BTC/USDT,548,49802.16,,2021-03-08 04:00:00+08:00,Crypto,OrderType.MARKET,USD,3.2270920000000007,21201.929898159993,-292.900697,2021-03-11 08:30:00+08:00,56372.14
BTC/USDT,551,49786.3,,2021-03-08 15:00:00+08:00,Crypto,OrderType.MARKET,USD,2.136759999999999,14072.359478399985,-293.691773,2021-03-11 08:30:00+08:00,56372.14
BTC/USDT,551,49786.3,,2021-03-08 15:00:00+08:00,Crypto,OrderType.MARKET,USD,3.7622880000000007,19744.14881807999,-293.691773,2021-03-11 16:00:00+08:00,55034.21
BTC/USDT,554,54278.61,,2021-03-10 05:30:00+08:00,Crypto,OrderType.MARKET,USD,1.6474879999999992,1244.841932799997,-293.659493,2021-03-11 16:00:00+08:00,55034.21
BTC/USDT,554,54278.61,,2021-03-10 05:30:00+08:00,Crypto,OrderType.MARKET,USD,3.7627370000000004,1516.1196194100012,-293.659493,2021-03-11 17:30:00+08:00,54681.54
BTC/USDT,557,53651.39,,2021-03-10 13:30:00+08:00,Crypto,OrderType.MARKET,USD,1.6631639999999992,1713.3083946000015,-295.935166,2021-03-11 17:30:00+08:00,54681.54
BTC/USDT,557,53651.39,,2021-03-10 13:30:00+08:00,Crypto,OrderType.MARKET,USD,3.8527260000000005,0.0,-295.935166,,
BTC/USDT,560,54442.35,,2021-03-10 16:00:00+08:00,Crypto,OrderType.MARKET,USD,5.477927,0.0,-298.231219,,
BTC/USDT,563,55851.59,,2021-03-11 07:30:00+08:00,Crypto,OrderType.MARKET,USD,5.363852,0.0,-299.579663,,
BTC/USDT,566,55781.92,,2021-03-11 09:30:00+08:00,Crypto,OrderType.MARKET,USD,5.409776,0.0,-301.767692,,
BTC/USDT,569,54761.02,,2021-03-11 16:30:00+08:00,Crypto,OrderType.MARKET,USD,5.425901,0.0,-297.127873,,
